2026-05-19 15:06:13 | INFO     | MyApp | DEBUG logging is DISABLED (set DEBUG_LOG=true in .env to enable)
2026-05-19 15:06:13 | INFO     | MyApp | App started
2026-05-19 15:06:13 | INFO     | MyApp | Processing complete
2026-05-19 15:06:13 | WARNING  | MyApp | Something looks off
2026-05-19 15:06:13 | ERROR    | MyApp | Something went wrong
2026-05-19 15:06:17 | INFO     | MyApp | DEBUG logging is DISABLED (set DEBUG_LOG=true in .env to enable)
2026-05-19 15:06:17 | INFO     | MyApp | App started
2026-05-19 15:06:17 | INFO     | MyApp | Processing complete
2026-05-19 15:06:17 | WARNING  | MyApp | Something looks off
2026-05-19 15:06:17 | ERROR    | MyApp | Something went wrong
2026-05-19 15:08:07 | INFO     | MyApp | App started
2026-05-19 15:08:07 | INFO     | MyApp | Processing complete
2026-05-19 15:08:07 | WARNING  | MyApp | Something looks off
2026-05-19 15:08:07 | ERROR    | MyApp | Something went wrong
2026-05-19 15:17:17 | INFO     | MyApp | DEBUG logging is DISABLED (set DEBUG_LOG=true in .env to enable)
2026-05-19 15:17:17 | INFO     | MyApp | App started
2026-05-19 15:17:17 | INFO     | MyApp | Processing complete
2026-05-19 15:17:17 | WARNING  | MyApp | Something looks off
2026-05-19 15:17:17 | ERROR    | MyApp | Something went wrong
2026-05-19 15:18:05 | INFO     | MyApp | DEBUG logging is DISABLED (set DEBUG_LOG=true in .env to enable)
2026-05-19 15:18:05 | INFO     | MyApp | App started
2026-05-19 15:18:05 | INFO     | MyApp | Processing complete
2026-05-19 15:18:05 | WARNING  | MyApp | Something looks off
2026-05-19 15:18:05 | ERROR    | MyApp | Something went wrong
2026-05-19 15:18:11 | INFO     | MyApp | DEBUG logging is DISABLED (set DEBUG_LOG=true in .env to enable)
2026-05-19 15:18:11 | INFO     | MyApp | App started
2026-05-19 15:18:11 | INFO     | MyApp | Processing complete
2026-05-19 15:18:11 | WARNING  | MyApp | Something looks off
2026-05-19 15:18:11 | ERROR    | MyApp | Something went wrong
2026-05-19 15:18:25 | INFO     | MyApp | DEBUG logging is DISABLED (set DEBUG_LOG=true in .env to enable)
2026-05-19 15:18:25 | INFO     | MyApp | App started
2026-05-19 15:18:25 | INFO     | MyApp | Processing complete
2026-05-19 15:18:25 | WARNING  | MyApp | Something looks off
2026-05-19 15:18:25 | ERROR    | MyApp | Something went wrong
2026-05-19 15:22:47 | INFO     | MyApp | DEBUG logging is DISABLED (set DEBUG_LOG=true in .env to enable)
2026-05-19 15:22:47 | INFO     | MyApp | App started
2026-05-19 15:22:47 | INFO     | MyApp | Processing complete
2026-05-19 15:22:47 | WARNING  | MyApp | Something looks off
2026-05-19 15:22:47 | ERROR    | MyApp | Something went wrong
2026-05-19 15:23:26 | INFO     | MyApp | DEBUG logging is DISABLED (set DEBUG_LOG=true in .env to enable)
2026-05-19 15:23:26 | INFO     | MyApp | App started
2026-05-19 15:23:26 | INFO     | MyApp | Processing complete
2026-05-19 15:23:26 | WARNING  | MyApp | Something looks off
2026-05-19 15:23:26 | ERROR    | MyApp | Something went wrong
2026-05-19 15:23:31 | INFO     | MyApp | DEBUG logging is DISABLED (set DEBUG_LOG=true in .env to enable)
2026-05-19 15:23:31 | INFO     | MyApp | App started
2026-05-19 15:23:31 | INFO     | MyApp | Processing complete
2026-05-19 15:23:31 | WARNING  | MyApp | Something looks off
2026-05-19 15:23:31 | ERROR    | MyApp | Something went wrong
2026-05-19 15:23:35 | INFO     | MyApp | DEBUG logging is DISABLED (set DEBUG_LOG=true in .env to enable)
2026-05-19 15:23:35 | INFO     | MyApp | App started
2026-05-19 15:23:35 | INFO     | MyApp | Processing complete
2026-05-19 15:23:35 | WARNING  | MyApp | Something looks off
2026-05-19 15:23:35 | ERROR    | MyApp | Something went wrong
2026-05-19 15:23:38 | INFO     | MyApp | DEBUG logging is DISABLED (set DEBUG_LOG=true in .env to enable)
2026-05-19 15:23:38 | INFO     | MyApp | App started
2026-05-19 15:23:38 | INFO     | MyApp | Processing complete
2026-05-19 15:23:38 | WARNING  | MyApp | Something looks off
2026-05-19 15:23:38 | ERROR    | MyApp | Something went wrong
2026-05-19 15:23:46 | INFO     | MyApp | DEBUG logging is DISABLED (set DEBUG_LOG=true in .env to enable)
2026-05-19 15:23:46 | INFO     | MyApp | App started
2026-05-19 15:23:46 | INFO     | MyApp | Processing complete
2026-05-19 15:23:46 | WARNING  | MyApp | Something looks off
2026-05-19 15:23:46 | ERROR    | MyApp | Something went wrong
2026-05-19 15:24:01 | INFO     | MyApp | DEBUG logging is DISABLED (set DEBUG_LOG=true in .env to enable)
2026-05-19 15:24:01 | INFO     | MyApp | App started
2026-05-19 15:24:01 | INFO     | MyApp | Processing complete
2026-05-19 15:24:01 | WARNING  | MyApp | Something looks off
2026-05-19 15:24:01 | ERROR    | MyApp | Something went wrong
2026-05-19 15:24:07 | INFO     | MyApp | DEBUG logging is DISABLED (set DEBUG_LOG=true in .env to enable)
2026-05-19 15:24:07 | INFO     | MyApp | App started
2026-05-19 15:24:07 | INFO     | MyApp | Processing complete
2026-05-19 15:24:07 | WARNING  | MyApp | Something looks off
2026-05-19 15:24:07 | ERROR    | MyApp | Something went wrong
2026-05-19 15:24:12 | INFO     | MyApp | DEBUG logging is DISABLED (set DEBUG_LOG=true in .env to enable)
2026-05-19 15:24:12 | INFO     | MyApp | App started
2026-05-19 15:24:12 | INFO     | MyApp | Processing complete
2026-05-19 15:24:12 | WARNING  | MyApp | Something looks off
2026-05-19 15:24:12 | ERROR    | MyApp | Something went wrong
2026-05-19 15:24:15 | INFO     | MyApp | DEBUG logging is DISABLED (set DEBUG_LOG=true in .env to enable)
2026-05-19 15:24:15 | INFO     | MyApp | App started
2026-05-19 15:24:15 | INFO     | MyApp | Processing complete
2026-05-19 15:24:15 | WARNING  | MyApp | Something looks off
2026-05-19 15:24:15 | ERROR    | MyApp | Something went wrong
2026-05-19 15:24:19 | INFO     | MyApp | DEBUG logging is DISABLED (set DEBUG_LOG=true in .env to enable)
2026-05-19 15:24:19 | INFO     | MyApp | App started
2026-05-19 15:24:19 | INFO     | MyApp | Processing complete
2026-05-19 15:24:19 | WARNING  | MyApp | Something looks off
2026-05-19 15:24:19 | ERROR    | MyApp | Something went wrong
2026-05-19 15:24:27 | INFO     | MyApp | DEBUG logging is DISABLED (set DEBUG_LOG=true in .env to enable)
2026-05-19 15:24:27 | INFO     | MyApp | App started
2026-05-19 15:24:27 | INFO     | MyApp | Processing complete
2026-05-19 15:24:27 | WARNING  | MyApp | Something looks off
2026-05-19 15:24:27 | ERROR    | MyApp | Something went wrong
2026-05-19 15:27:02 | INFO     | MyApp | DEBUG logging is DISABLED (set DEBUG_LOG=true in .env to enable)
2026-05-19 15:27:02 | INFO     | MyApp | App started
2026-05-19 15:27:02 | INFO     | MyApp | Processing complete
2026-05-19 15:27:02 | WARNING  | MyApp | Something looks off
2026-05-19 15:27:02 | ERROR    | MyApp | Something went wrong
2026-05-19 15:27:19 | INFO     | MyApp | DEBUG logging is DISABLED (set DEBUG_LOG=true in .env to enable)
2026-05-19 15:27:19 | INFO     | MyApp | App started
2026-05-19 15:27:19 | INFO     | MyApp | Processing complete
2026-05-19 15:27:19 | WARNING  | MyApp | Something looks off
2026-05-19 15:27:19 | ERROR    | MyApp | Something went wrong
2026-05-19 15:27:22 | INFO     | MyApp | DEBUG logging is DISABLED (set DEBUG_LOG=true in .env to enable)
2026-05-19 15:27:22 | INFO     | MyApp | App started
2026-05-19 15:27:22 | INFO     | MyApp | Processing complete
2026-05-19 15:27:22 | WARNING  | MyApp | Something looks off
2026-05-19 15:27:22 | ERROR    | MyApp | Something went wrong
2026-05-19 15:27:23 | INFO     | MyApp | DEBUG logging is DISABLED (set DEBUG_LOG=true in .env to enable)
2026-05-19 15:27:23 | INFO     | MyApp | App started
2026-05-19 15:27:23 | INFO     | MyApp | Processing complete
2026-05-19 15:27:23 | WARNING  | MyApp | Something looks off
2026-05-19 15:27:23 | ERROR    | MyApp | Something went wrong
2026-05-19 15:29:34 | INFO     | MyApp | DEBUG logging is DISABLED (set DEBUG_LOG=true in .env to enable)
2026-05-19 15:29:34 | INFO     | MyApp | App started
2026-05-19 15:29:34 | INFO     | MyApp | Processing complete
2026-05-19 15:29:34 | WARNING  | MyApp | Something looks off
2026-05-19 15:29:34 | ERROR    | MyApp | Something went wrong
2026-05-19 15:29:48 | INFO     | MyApp | DEBUG logging is DISABLED (set DEBUG_LOG=true in .env to enable)
2026-05-19 15:29:48 | INFO     | MyApp | App started
2026-05-19 15:29:48 | INFO     | MyApp | Processing complete
2026-05-19 15:29:48 | WARNING  | MyApp | Something looks off
2026-05-19 15:29:48 | ERROR    | MyApp | Something went wrong
2026-05-19 15:29:51 | INFO     | MyApp | DEBUG logging is DISABLED (set DEBUG_LOG=true in .env to enable)
2026-05-19 15:29:51 | INFO     | MyApp | App started
2026-05-19 15:29:51 | INFO     | MyApp | Processing complete
2026-05-19 15:29:51 | WARNING  | MyApp | Something looks off
2026-05-19 15:29:51 | ERROR    | MyApp | Something went wrong
2026-05-19 15:29:54 | INFO     | MyApp | DEBUG logging is DISABLED (set DEBUG_LOG=true in .env to enable)
2026-05-19 15:29:54 | INFO     | MyApp | App started
2026-05-19 15:29:54 | INFO     | MyApp | Processing complete
2026-05-19 15:29:54 | WARNING  | MyApp | Something looks off
2026-05-19 15:29:54 | ERROR    | MyApp | Something went wrong
2026-05-19 15:30:02 | INFO     | MyApp | DEBUG logging is DISABLED (set DEBUG_LOG=true in .env to enable)
2026-05-19 15:30:02 | INFO     | MyApp | App started
2026-05-19 15:30:02 | INFO     | MyApp | Processing complete
2026-05-19 15:30:02 | WARNING  | MyApp | Something looks off
2026-05-19 15:30:02 | ERROR    | MyApp | Something went wrong
2026-05-19 15:30:05 | INFO     | MyApp | DEBUG logging is DISABLED (set DEBUG_LOG=true in .env to enable)
2026-05-19 15:30:05 | INFO     | MyApp | App started
2026-05-19 15:30:05 | INFO     | MyApp | Processing complete
2026-05-19 15:30:05 | WARNING  | MyApp | Something looks off
2026-05-19 15:30:05 | ERROR    | MyApp | Something went wrong
2026-05-19 15:30:17 | INFO     | MyApp | DEBUG logging is DISABLED (set DEBUG_LOG=true in .env to enable)
2026-05-19 15:30:17 | INFO     | MyApp | App started
2026-05-19 15:30:17 | INFO     | MyApp | Processing complete
2026-05-19 15:30:17 | WARNING  | MyApp | Something looks off
2026-05-19 15:30:17 | ERROR    | MyApp | Something went wrong
2026-05-19 15:30:46 | INFO     | MyApp | DEBUG logging is DISABLED (set DEBUG_LOG=true in .env to enable)
2026-05-19 15:30:46 | INFO     | MyApp | App started
2026-05-19 15:30:46 | INFO     | MyApp | Processing complete
2026-05-19 15:30:46 | WARNING  | MyApp | Something looks off
2026-05-19 15:30:46 | ERROR    | MyApp | Something went wrong
2026-05-19 15:30:49 | INFO     | MyApp | DEBUG logging is DISABLED (set DEBUG_LOG=true in .env to enable)
2026-05-19 15:30:49 | INFO     | MyApp | App started
2026-05-19 15:30:49 | INFO     | MyApp | Processing complete
2026-05-19 15:30:49 | WARNING  | MyApp | Something looks off
2026-05-19 15:30:49 | ERROR    | MyApp | Something went wrong
2026-05-19 15:30:52 | INFO     | MyApp | DEBUG logging is DISABLED (set DEBUG_LOG=true in .env to enable)
2026-05-19 15:30:52 | INFO     | MyApp | App started
2026-05-19 15:30:52 | INFO     | MyApp | Processing complete
2026-05-19 15:30:52 | WARNING  | MyApp | Something looks off
2026-05-19 15:30:52 | ERROR    | MyApp | Something went wrong
2026-05-19 15:30:57 | INFO     | MyApp | DEBUG logging is DISABLED (set DEBUG_LOG=true in .env to enable)
2026-05-19 15:30:57 | INFO     | MyApp | App started
2026-05-19 15:30:57 | INFO     | MyApp | Processing complete
2026-05-19 15:30:57 | WARNING  | MyApp | Something looks off
2026-05-19 15:30:57 | ERROR    | MyApp | Something went wrong
2026-05-19 15:35:55 | INFO     | MyApp | DEBUG logging is DISABLED (set DEBUG_LOG=true in .env to enable)
2026-05-19 15:35:55 | INFO     | MyApp | App started
2026-05-19 15:35:55 | INFO     | MyApp | Processing complete
2026-05-19 15:35:55 | WARNING  | MyApp | Something looks off
2026-05-19 15:35:55 | ERROR    | MyApp | Something went wrong
2026-05-19 15:35:59 | INFO     | MyApp | DEBUG logging is DISABLED (set DEBUG_LOG=true in .env to enable)
2026-05-19 15:35:59 | INFO     | MyApp | App started
2026-05-19 15:35:59 | INFO     | MyApp | Processing complete
2026-05-19 15:35:59 | WARNING  | MyApp | Something looks off
2026-05-19 15:35:59 | ERROR    | MyApp | Something went wrong
2026-05-19 15:36:02 | INFO     | MyApp | DEBUG logging is DISABLED (set DEBUG_LOG=true in .env to enable)
2026-05-19 15:36:02 | INFO     | MyApp | App started
2026-05-19 15:36:02 | INFO     | MyApp | Processing complete
2026-05-19 15:36:02 | WARNING  | MyApp | Something looks off
2026-05-19 15:36:02 | ERROR    | MyApp | Something went wrong
2026-05-19 15:36:07 | INFO     | MyApp | DEBUG logging is DISABLED (set DEBUG_LOG=true in .env to enable)
2026-05-19 15:36:07 | INFO     | MyApp | App started
2026-05-19 15:36:07 | INFO     | MyApp | Processing complete
2026-05-19 15:36:07 | WARNING  | MyApp | Something looks off
2026-05-19 15:36:07 | ERROR    | MyApp | Something went wrong
2026-05-19 15:37:02 | INFO     | MyApp | DEBUG logging is DISABLED (set DEBUG_LOG=true in .env to enable)
2026-05-19 15:37:02 | INFO     | MyApp | App started
2026-05-19 15:37:02 | INFO     | MyApp | Processing complete
2026-05-19 15:37:02 | WARNING  | MyApp | Something looks off
2026-05-19 15:37:02 | ERROR    | MyApp | Something went wrong
2026-05-19 15:37:12 | INFO     | MyApp | DEBUG logging is DISABLED (set DEBUG_LOG=true in .env to enable)
2026-05-19 15:37:12 | INFO     | MyApp | App started
2026-05-19 15:37:12 | INFO     | MyApp | Processing complete
2026-05-19 15:37:12 | WARNING  | MyApp | Something looks off
2026-05-19 15:37:12 | ERROR    | MyApp | Something went wrong
2026-05-19 15:37:21 | INFO     | MyApp | DEBUG logging is DISABLED (set DEBUG_LOG=true in .env to enable)
2026-05-19 15:37:21 | INFO     | MyApp | App started
2026-05-19 15:37:21 | INFO     | MyApp | Processing complete
2026-05-19 15:37:21 | WARNING  | MyApp | Something looks off
2026-05-19 15:37:21 | ERROR    | MyApp | Something went wrong
2026-05-19 15:37:37 | INFO     | MyApp | DEBUG logging is DISABLED (set DEBUG_LOG=true in .env to enable)
2026-05-19 15:37:37 | INFO     | MyApp | App started
2026-05-19 15:37:37 | INFO     | MyApp | Processing complete
2026-05-19 15:37:37 | WARNING  | MyApp | Something looks off
2026-05-19 15:37:37 | ERROR    | MyApp | Something went wrong
2026-05-19 15:37:40 | INFO     | MyApp | DEBUG logging is DISABLED (set DEBUG_LOG=true in .env to enable)
2026-05-19 15:37:40 | INFO     | MyApp | App started
2026-05-19 15:37:40 | INFO     | MyApp | Processing complete
2026-05-19 15:37:40 | WARNING  | MyApp | Something looks off
2026-05-19 15:37:40 | ERROR    | MyApp | Something went wrong
2026-05-19 15:46:15 | INFO     | MyApp | DEBUG logging is DISABLED (set DEBUG_LOG=true in .env to enable)
2026-05-19 15:46:15 | INFO     | MyApp | App started
2026-05-19 15:46:15 | INFO     | MyApp | Processing complete
2026-05-19 15:46:15 | WARNING  | MyApp | Something looks off
2026-05-19 15:46:15 | ERROR    | MyApp | Something went wrong
2026-05-19 15:52:41 | INFO     | MyApp | DEBUG logging is DISABLED (set DEBUG_LOG=true in .env to enable)
2026-05-19 15:52:41 | INFO     | MyApp | App started
2026-05-19 15:52:41 | INFO     | MyApp | Processing complete
2026-05-19 15:52:41 | WARNING  | MyApp | Something looks off
2026-05-19 15:52:41 | ERROR    | MyApp | Something went wrong
2026-05-19 15:53:51 | INFO     | MyApp | DEBUG logging is DISABLED (set DEBUG_LOG=true in .env to enable)
2026-05-19 15:53:51 | INFO     | MyApp | App started
2026-05-19 15:53:51 | INFO     | MyApp | Processing complete
2026-05-19 15:53:51 | WARNING  | MyApp | Something looks off
2026-05-19 15:53:51 | ERROR    | MyApp | Something went wrong
2026-05-19 15:53:55 | INFO     | MyApp | DEBUG logging is DISABLED (set DEBUG_LOG=true in .env to enable)
2026-05-19 15:53:55 | INFO     | MyApp | App started
2026-05-19 15:53:55 | INFO     | MyApp | Processing complete
2026-05-19 15:53:55 | WARNING  | MyApp | Something looks off
2026-05-19 15:53:55 | ERROR    | MyApp | Something went wrong
2026-05-19 15:53:58 | INFO     | MyApp | DEBUG logging is DISABLED (set DEBUG_LOG=true in .env to enable)
2026-05-19 15:53:58 | INFO     | MyApp | App started
2026-05-19 15:53:58 | INFO     | MyApp | Processing complete
2026-05-19 15:53:58 | WARNING  | MyApp | Something looks off
2026-05-19 15:53:58 | ERROR    | MyApp | Something went wrong
2026-05-19 15:54:01 | INFO     | MyApp | DEBUG logging is DISABLED (set DEBUG_LOG=true in .env to enable)
2026-05-19 15:54:01 | INFO     | MyApp | App started
2026-05-19 15:54:01 | INFO     | MyApp | Processing complete
2026-05-19 15:54:01 | WARNING  | MyApp | Something looks off
2026-05-19 15:54:01 | ERROR    | MyApp | Something went wrong
2026-05-19 16:12:41 | INFO     | MyApp | DEBUG logging is DISABLED (set DEBUG_LOG=true in .env to enable)
2026-05-19 16:12:41 | INFO     | MyApp | App started
2026-05-19 16:12:41 | INFO     | MyApp | Processing complete
2026-05-19 16:12:41 | WARNING  | MyApp | Something looks off
2026-05-19 16:12:41 | ERROR    | MyApp | Something went wrong
2026-05-19 16:19:51 | INFO     | MyApp | DEBUG logging is DISABLED (set DEBUG_LOG=true in .env to enable)
2026-05-19 16:19:51 | INFO     | MyApp | App started
2026-05-19 16:19:51 | INFO     | MyApp | Processing complete
2026-05-19 16:19:51 | WARNING  | MyApp | Something looks off
2026-05-19 16:19:51 | ERROR    | MyApp | Something went wrong
2026-05-19 16:25:29 | INFO     | MyApp | DEBUG logging is DISABLED (set DEBUG_LOG=true in .env to enable)
2026-05-19 16:25:29 | INFO     | MyApp | App started
2026-05-19 16:25:29 | INFO     | MyApp | Processing complete
2026-05-19 16:25:29 | WARNING  | MyApp | Something looks off
2026-05-19 16:25:29 | ERROR    | MyApp | Something went wrong
2026-05-19 16:46:55 | INFO     | MyApp | DEBUG logging is DISABLED (set DEBUG_LOG=true in .env to enable)
2026-05-19 16:46:55 | INFO     | MyApp | App started
2026-05-19 16:46:55 | INFO     | MyApp | Processing complete
2026-05-19 16:46:55 | WARNING  | MyApp | Something looks off
2026-05-19 16:46:55 | ERROR    | MyApp | Something went wrong
2026-05-19 16:51:31 | INFO     | MyApp | DEBUG logging is DISABLED (set DEBUG_LOG=true in .env to enable)
2026-05-19 16:51:31 | INFO     | MyApp | App started
2026-05-19 16:51:31 | INFO     | MyApp | Processing complete
2026-05-19 16:51:31 | WARNING  | MyApp | Something looks off
2026-05-19 16:51:31 | ERROR    | MyApp | Something went wrong
2026-05-19 16:52:32 | INFO     | MyApp | DEBUG logging is DISABLED (set DEBUG_LOG=true in .env to enable)
2026-05-19 16:52:32 | INFO     | MyApp | App started
2026-05-19 16:52:32 | INFO     | MyApp | Processing complete
2026-05-19 16:52:32 | WARNING  | MyApp | Something looks off
2026-05-19 16:52:32 | ERROR    | MyApp | Something went wrong
2026-05-19 16:54:17 | INFO     | MyApp | DEBUG logging is DISABLED (set DEBUG_LOG=true in .env to enable)
2026-05-19 16:54:17 | INFO     | MyApp | App started
2026-05-19 16:54:17 | INFO     | MyApp | Processing complete
2026-05-19 16:54:17 | WARNING  | MyApp | Something looks off
2026-05-19 16:54:17 | ERROR    | MyApp | Something went wrong
2026-05-19 17:03:51 | INFO     | MyApp | DEBUG logging is DISABLED (set DEBUG_LOG=true in .env to enable)
2026-05-19 17:03:51 | INFO     | MyApp | App started
2026-05-19 17:03:51 | INFO     | MyApp | Processing complete
2026-05-19 17:03:51 | WARNING  | MyApp | Something looks off
2026-05-19 17:03:51 | ERROR    | MyApp | Something went wrong
2026-05-19 17:03:55 | INFO     | MyApp | DEBUG logging is DISABLED (set DEBUG_LOG=true in .env to enable)
2026-05-19 17:03:55 | INFO     | MyApp | App started
2026-05-19 17:03:55 | INFO     | MyApp | Processing complete
2026-05-19 17:03:55 | WARNING  | MyApp | Something looks off
2026-05-19 17:03:55 | ERROR    | MyApp | Something went wrong
2026-05-19 17:25:48 | INFO     | MyApp | DEBUG logging is DISABLED (set DEBUG_LOG=true in .env to enable)
2026-05-19 17:25:48 | INFO     | MyApp | App started
2026-05-19 17:25:48 | INFO     | MyApp | Processing complete
2026-05-19 17:25:48 | WARNING  | MyApp | Something looks off
2026-05-19 17:25:48 | ERROR    | MyApp | Something went wrong
2026-05-19 17:25:55 | INFO     | MyApp | DEBUG logging is DISABLED (set DEBUG_LOG=true in .env to enable)
2026-05-19 17:25:55 | INFO     | MyApp | App started
2026-05-19 17:25:55 | INFO     | MyApp | Processing complete
2026-05-19 17:25:55 | WARNING  | MyApp | Something looks off
2026-05-19 17:25:55 | ERROR    | MyApp | Something went wrong
2026-05-19 17:38:33 | INFO     | MyApp | DEBUG logging is DISABLED (set DEBUG_LOG=true in .env to enable)
2026-05-19 17:38:33 | INFO     | MyApp | App started
2026-05-19 17:38:33 | INFO     | MyApp | Processing complete
2026-05-19 17:38:33 | WARNING  | MyApp | Something looks off
2026-05-19 17:38:33 | ERROR    | MyApp | Something went wrong
2026-05-19 17:38:43 | INFO     | MyApp | DEBUG logging is DISABLED (set DEBUG_LOG=true in .env to enable)
2026-05-19 17:38:43 | INFO     | MyApp | App started
2026-05-19 17:38:43 | INFO     | MyApp | Processing complete
2026-05-19 17:38:43 | WARNING  | MyApp | Something looks off
2026-05-19 17:38:43 | ERROR    | MyApp | Something went wrong
2026-05-19 17:42:30 | INFO     | MyApp | DEBUG logging is DISABLED (set DEBUG_LOG=true in .env to enable)
2026-05-19 17:42:30 | INFO     | MyApp | App started
2026-05-19 17:42:30 | INFO     | MyApp | Processing complete
2026-05-19 17:42:30 | WARNING  | MyApp | Something looks off
2026-05-19 17:42:30 | ERROR    | MyApp | Something went wrong
2026-05-19 17:42:34 | INFO     | MyApp | DEBUG logging is DISABLED (set DEBUG_LOG=true in .env to enable)
2026-05-19 17:42:34 | INFO     | MyApp | App started
2026-05-19 17:42:34 | INFO     | MyApp | Processing complete
2026-05-19 17:42:34 | WARNING  | MyApp | Something looks off
2026-05-19 17:42:34 | ERROR    | MyApp | Something went wrong
2026-05-19 17:45:55 | INFO     | MyApp | DEBUG logging is DISABLED (set DEBUG_LOG=true in .env to enable)
2026-05-19 17:45:55 | INFO     | MyApp | App started
2026-05-19 17:45:55 | INFO     | MyApp | Processing complete
2026-05-19 17:45:55 | WARNING  | MyApp | Something looks off
2026-05-19 17:45:55 | ERROR    | MyApp | Something went wrong
2026-05-19 17:47:47 | INFO     | MyApp | DEBUG logging is DISABLED (set DEBUG_LOG=true in .env to enable)
2026-05-19 17:47:47 | INFO     | MyApp | App started
2026-05-19 17:47:47 | INFO     | MyApp | Processing complete
2026-05-19 17:47:47 | WARNING  | MyApp | Something looks off
2026-05-19 17:47:47 | ERROR    | MyApp | Something went wrong
2026-05-19 17:50:27 | INFO     | MyApp | DEBUG logging is DISABLED (set DEBUG_LOG=true in .env to enable)
2026-05-19 17:50:27 | INFO     | MyApp | App started
2026-05-19 17:50:27 | INFO     | MyApp | Processing complete
2026-05-19 17:50:27 | WARNING  | MyApp | Something looks off
2026-05-19 17:50:27 | ERROR    | MyApp | Something went wrong
2026-05-19 17:50:34 | INFO     | MyApp | DEBUG logging is DISABLED (set DEBUG_LOG=true in .env to enable)
2026-05-19 17:50:34 | INFO     | MyApp | App started
2026-05-19 17:50:34 | INFO     | MyApp | Processing complete
2026-05-19 17:50:34 | WARNING  | MyApp | Something looks off
2026-05-19 17:50:34 | ERROR    | MyApp | Something went wrong
2026-05-20 09:45:25 | INFO     | MyApp | DEBUG logging is DISABLED (set DEBUG_LOG=true in .env to enable)
2026-05-20 09:45:25 | INFO     | MyApp | App started
2026-05-20 09:45:25 | INFO     | MyApp | Processing complete
2026-05-20 09:45:25 | WARNING  | MyApp | Something looks off
2026-05-20 09:45:25 | ERROR    | MyApp | Something went wrong
2026-05-20 09:45:32 | INFO     | MyApp | DEBUG logging is DISABLED (set DEBUG_LOG=true in .env to enable)
2026-05-20 09:45:32 | INFO     | MyApp | App started
2026-05-20 09:45:32 | INFO     | MyApp | Processing complete
2026-05-20 09:45:32 | WARNING  | MyApp | Something looks off
2026-05-20 09:45:32 | ERROR    | MyApp | Something went wrong
2026-05-20 11:17:18 | INFO     | MyApp | DEBUG logging DISABLED
2026-05-20 11:17:18 | INFO     | MyApp | App started
2026-05-20 11:17:18 | INFO     | MyApp | Processing complete
2026-05-20 11:17:18 | WARNING  | MyApp | Something looks off
2026-05-20 11:17:18 | ERROR    | MyApp | Something went wrong
2026-05-20 11:18:45 | INFO     | main | DEBUG logging DISABLED
2026-05-20 11:22:10 | INFO     | app | DEBUG logging DISABLED
2026-05-20 11:23:44 | INFO     | app | DEBUG logging DISABLED
2026-05-20 11:23:49 | INFO     | app | DEBUG logging DISABLED
2026-05-20 11:23:52 | INFO     | app | Starting Onboarding API
2026-05-20 11:24:04 | INFO     | app | DEBUG logging DISABLED
2026-05-20 11:24:06 | INFO     | app | Starting Onboarding API
2026-05-20 11:24:06 | INFO     | app | Initializing database
2026-05-20 11:24:06 | INFO     | app | Database initialized successfully
2026-05-20 15:08:03 | INFO     | app | DEBUG logging ENABLED
2026-05-20 15:08:05 | INFO     | db.database | DEBUG logging ENABLED
2026-05-20 15:08:05 | INFO     | db.database | Loading database configuration
2026-05-20 15:08:05 | INFO     | db.database | Creating SQLAlchemy engine
2026-05-20 15:08:05 | INFO     | db.crud | DEBUG logging ENABLED
2026-05-20 15:08:05 | INFO     | auth.security | DEBUG logging ENABLED
2026-05-20 15:08:05 | INFO     | source.factory | DEBUG logging ENABLED
2026-05-20 15:08:05 | INFO     | chunking.factory | DEBUG logging ENABLED
2026-05-20 15:08:07 | INFO     | embedding.factory | DEBUG logging ENABLED
2026-05-20 15:08:07 | INFO     | extractors.factory | DEBUG logging ENABLED
2026-05-20 15:08:07 | INFO     | extractors.pdf_extractor | DEBUG logging ENABLED
2026-05-20 15:08:10 | INFO     | extractors.excel_extractor | DEBUG logging ENABLED
2026-05-20 15:08:10 | INFO     | extractors.word_extractor | DEBUG logging ENABLED
2026-05-20 15:08:10 | INFO     | extractors.ppt_extractor | DEBUG logging ENABLED
2026-05-20 15:08:10 | INFO     | extractors.image_extractor | DEBUG logging ENABLED
2026-05-20 15:08:10 | INFO     | vector_store.factory | DEBUG logging ENABLED
2026-05-20 15:08:10 | INFO     | extractors.ocr_config | DEBUG logging ENABLED
2026-05-20 15:08:10 | INFO     | extractors.ocr_config | Configuring Tesseract OCR
2026-05-20 15:08:10 | INFO     | extractors.ocr_config | Tesseract path configured: D:\Tesseract\tesseract.exe
2026-05-20 15:08:10 | INFO     | app | Starting Onboarding API
2026-05-20 15:08:10 | INFO     | app | Initializing database
2026-05-20 15:08:10 | INFO     | db.database | Initializing database tables
2026-05-20 15:08:10 | INFO     | db.database | Database tables initialized successfully
2026-05-20 15:08:10 | INFO     | app | Database initialized successfully
2026-05-20 15:08:10 | INFO     | app | Tenant config directory ready: tenant_configs
2026-05-20 15:08:11 | INFO     | app | DEBUG logging ENABLED
2026-05-20 15:08:11 | INFO     | db.database | DEBUG logging ENABLED
2026-05-20 15:08:11 | INFO     | db.database | Loading database configuration
2026-05-20 15:08:11 | INFO     | db.database | Creating SQLAlchemy engine
2026-05-20 15:08:11 | INFO     | db.crud | DEBUG logging ENABLED
2026-05-20 15:08:11 | INFO     | auth.security | DEBUG logging ENABLED
2026-05-20 15:08:11 | INFO     | source.factory | DEBUG logging ENABLED
2026-05-20 15:08:11 | INFO     | chunking.factory | DEBUG logging ENABLED
2026-05-20 15:08:12 | INFO     | embedding.factory | DEBUG logging ENABLED
2026-05-20 15:08:12 | INFO     | extractors.factory | DEBUG logging ENABLED
2026-05-20 15:08:12 | INFO     | extractors.pdf_extractor | DEBUG logging ENABLED
2026-05-20 15:08:13 | INFO     | extractors.excel_extractor | DEBUG logging ENABLED
2026-05-20 15:08:13 | INFO     | extractors.word_extractor | DEBUG logging ENABLED
2026-05-20 15:08:13 | INFO     | extractors.ppt_extractor | DEBUG logging ENABLED
2026-05-20 15:08:13 | INFO     | extractors.image_extractor | DEBUG logging ENABLED
2026-05-20 15:08:13 | INFO     | vector_store.factory | DEBUG logging ENABLED
2026-05-20 15:08:13 | INFO     | extractors.ocr_config | DEBUG logging ENABLED
2026-05-20 15:08:13 | INFO     | extractors.ocr_config | Configuring Tesseract OCR
2026-05-20 15:08:13 | INFO     | extractors.ocr_config | Tesseract path configured: D:\Tesseract\tesseract.exe
2026-05-20 15:08:13 | INFO     | app | Starting Onboarding API
2026-05-20 15:08:13 | INFO     | app | Initializing database
2026-05-20 15:08:13 | INFO     | db.database | Initializing database tables
2026-05-20 15:08:13 | INFO     | db.database | Database tables initialized successfully
2026-05-20 15:08:13 | INFO     | app | Database initialized successfully
2026-05-20 15:08:13 | INFO     | app | Tenant config directory ready: tenant_configs
2026-05-20 15:08:13 | INFO     | app | RAG ENGINE ONBOARDING API STARTED
2026-05-20 15:08:37 | INFO     | app | Health check endpoint accessed
2026-05-20 15:08:56 | INFO     | app | Tenant creation request received
2026-05-20 15:08:56 | INFO     | app | Validating bearer token
2026-05-20 15:08:56 | INFO     | auth.security | Validating bearer token
2026-05-20 15:08:56 | INFO     | auth.security | Bearer token validated successfully
2026-05-20 15:08:56 | INFO     | app | Bearer token validated successfully
2026-05-20 15:08:56 | INFO     | app | Uploaded file received: config.yaml
2026-05-20 15:08:56 | INFO     | app | Reading uploaded YAML file
2026-05-20 15:08:56 | INFO     | app | YAML parsed successfully
2026-05-20 15:08:56 | INFO     | app | Validating tenant configuration section
2026-05-20 15:08:56 | INFO     | app | Processing tenant: redington-ecommerce-10
2026-05-20 15:08:56 | INFO     | app | Tenant config saved: tenant_configs\redington-ecommerce-10-config.yaml
2026-05-20 15:08:56 | INFO     | app | Generated tenant PKID: redington-ecommerce-10
2026-05-20 15:08:56 | INFO     | app | Checking existing tenant: redington-ecommerce-10
2026-05-20 15:08:56 | INFO     | db.crud | Fetching tenant by PKID: redington-ecommerce-10
2026-05-20 15:08:56 | WARNING  | db.crud | Tenant not found: redington-ecommerce-10
2026-05-20 15:08:56 | INFO     | app | Creating tenant in database: redington-ecommerce-10
2026-05-20 15:08:56 | INFO     | db.crud | Creating tenant: redington-ecommerce-10
2026-05-20 15:08:56 | INFO     | db.crud | Tenant created successfully: redington-ecommerce-10
2026-05-20 15:08:56 | INFO     | db.crud | Saving tenant configuration YAML
2026-05-20 15:08:56 | INFO     | db.crud | Tenant configuration saved successfully
2026-05-20 15:08:56 | INFO     | app | Tenant created successfully: redington-ecommerce-10
2026-05-20 15:08:56 | INFO     | auth.security | Generating strong password
2026-05-20 15:08:56 | INFO     | auth.security | Strong password generated successfully
2026-05-20 15:08:56 | INFO     | app | Generated credentials for tenant: redington-ecommerce-10
2026-05-20 15:08:56 | INFO     | db.crud | Checking if user exists: redington-ecommerce-10
2026-05-20 15:08:56 | INFO     | db.crud | User existence result for redington-ecommerce-10: False
2026-05-20 15:08:56 | INFO     | app | Creating tenant user: redington-ecommerce-10
2026-05-20 15:08:56 | ERROR    | app | Tenant creation failed
Traceback (most recent call last):
  File "D:\OneDrive - REDINGTON\Work\Code\RAG\s1_rag_engine\onboarding_api\app.py", line 360, in create_tenant
    f"Database user object created: {db_user}"
                                     ^^^^^^^
UnboundLocalError: cannot access local variable 'db_user' where it is not associated with a value
2026-05-20 15:11:37 | INFO     | app | DEBUG logging ENABLED
2026-05-20 15:11:38 | INFO     | db.database | DEBUG logging ENABLED
2026-05-20 15:11:38 | INFO     | db.database | Loading database configuration
2026-05-20 15:11:38 | INFO     | db.database | Creating SQLAlchemy engine
2026-05-20 15:11:38 | INFO     | db.crud | DEBUG logging ENABLED
2026-05-20 15:11:38 | INFO     | auth.security | DEBUG logging ENABLED
2026-05-20 15:11:38 | INFO     | source.factory | DEBUG logging ENABLED
2026-05-20 15:11:38 | INFO     | chunking.factory | DEBUG logging ENABLED
2026-05-20 15:11:41 | INFO     | embedding.factory | DEBUG logging ENABLED
2026-05-20 15:11:41 | INFO     | extractors.factory | DEBUG logging ENABLED
2026-05-20 15:11:41 | INFO     | extractors.pdf_extractor | DEBUG logging ENABLED
2026-05-20 15:11:42 | INFO     | extractors.excel_extractor | DEBUG logging ENABLED
2026-05-20 15:11:42 | INFO     | extractors.word_extractor | DEBUG logging ENABLED
2026-05-20 15:11:43 | INFO     | extractors.ppt_extractor | DEBUG logging ENABLED
2026-05-20 15:11:43 | INFO     | extractors.image_extractor | DEBUG logging ENABLED
2026-05-20 15:11:43 | INFO     | vector_store.factory | DEBUG logging ENABLED
2026-05-20 15:11:43 | INFO     | extractors.ocr_config | DEBUG logging ENABLED
2026-05-20 15:11:43 | INFO     | extractors.ocr_config | Configuring Tesseract OCR
2026-05-20 15:11:43 | INFO     | extractors.ocr_config | Tesseract path configured: D:\Tesseract\tesseract.exe
2026-05-20 15:11:43 | INFO     | app | Starting Onboarding API
2026-05-20 15:11:43 | INFO     | app | Initializing database
2026-05-20 15:11:43 | INFO     | db.database | Initializing database tables
2026-05-20 15:11:43 | INFO     | db.database | Database tables initialized successfully
2026-05-20 15:11:43 | INFO     | app | Database initialized successfully
2026-05-20 15:11:43 | INFO     | app | Tenant config directory ready: tenant_configs
2026-05-20 15:11:43 | INFO     | app | RAG ENGINE ONBOARDING API STARTED
2026-05-20 15:11:44 | INFO     | app | Tenant creation request received
2026-05-20 15:11:44 | INFO     | app | Validating bearer token
2026-05-20 15:11:44 | INFO     | auth.security | Validating bearer token
2026-05-20 15:11:44 | INFO     | auth.security | Bearer token validated successfully
2026-05-20 15:11:44 | INFO     | app | Bearer token validated successfully
2026-05-20 15:11:44 | INFO     | app | Uploaded file received: config.yaml
2026-05-20 15:11:44 | INFO     | app | Reading uploaded YAML file
2026-05-20 15:11:44 | INFO     | app | YAML parsed successfully
2026-05-20 15:11:44 | INFO     | app | Validating tenant configuration section
2026-05-20 15:11:44 | INFO     | app | Processing tenant: redington-ecommerce-10
2026-05-20 15:11:44 | INFO     | app | Tenant config saved: tenant_configs\redington-ecommerce-10-config.yaml
2026-05-20 15:11:44 | INFO     | app | Generated tenant PKID: redington-ecommerce-10
2026-05-20 15:11:44 | INFO     | app | Checking existing tenant: redington-ecommerce-10
2026-05-20 15:11:44 | INFO     | db.crud | Fetching tenant by PKID: redington-ecommerce-10
2026-05-20 15:11:44 | INFO     | db.crud | Tenant found: redington-ecommerce-10
2026-05-20 15:11:44 | WARNING  | app | Duplicate tenant detected: redington-ecommerce-10
2026-05-20 15:11:57 | INFO     | app | Tenant creation request received
2026-05-20 15:11:57 | INFO     | app | Validating bearer token
2026-05-20 15:11:57 | INFO     | auth.security | Validating bearer token
2026-05-20 15:11:57 | INFO     | auth.security | Bearer token validated successfully
2026-05-20 15:11:57 | INFO     | app | Bearer token validated successfully
2026-05-20 15:11:57 | INFO     | app | Uploaded file received: config.yaml
2026-05-20 15:11:57 | INFO     | app | Reading uploaded YAML file
2026-05-20 15:11:57 | INFO     | app | YAML parsed successfully
2026-05-20 15:11:57 | INFO     | app | Validating tenant configuration section
2026-05-20 15:11:57 | INFO     | app | Processing tenant: redington-ecommerce-11
2026-05-20 15:11:57 | INFO     | app | Tenant config saved: tenant_configs\redington-ecommerce-11-config.yaml
2026-05-20 15:11:57 | INFO     | app | Generated tenant PKID: redington-ecommerce-11
2026-05-20 15:11:57 | INFO     | app | Checking existing tenant: redington-ecommerce-11
2026-05-20 15:11:57 | INFO     | db.crud | Fetching tenant by PKID: redington-ecommerce-11
2026-05-20 15:11:57 | WARNING  | db.crud | Tenant not found: redington-ecommerce-11
2026-05-20 15:11:57 | INFO     | app | Creating tenant in database: redington-ecommerce-11
2026-05-20 15:11:57 | INFO     | db.crud | Creating tenant: redington-ecommerce-11
2026-05-20 15:11:57 | INFO     | db.crud | Tenant created successfully: redington-ecommerce-11
2026-05-20 15:11:57 | INFO     | db.crud | Saving tenant configuration YAML
2026-05-20 15:11:57 | INFO     | db.crud | Tenant configuration saved successfully
2026-05-20 15:11:57 | INFO     | app | Tenant created successfully: redington-ecommerce-11
2026-05-20 15:11:57 | ERROR    | app | Tenant creation failed
Traceback (most recent call last):
  File "D:\OneDrive - REDINGTON\Work\Code\RAG\s1_rag_engine\onboarding_api\app.py", line 321, in create_tenant
    f"Database tenant object created: {db_tenant}"
                                       ^^^^^^^^^
NameError: name 'db_tenant' is not defined
2026-05-20 15:12:38 | INFO     | app | DEBUG logging ENABLED
2026-05-20 15:12:39 | INFO     | db.database | DEBUG logging ENABLED
2026-05-20 15:12:39 | INFO     | db.database | Loading database configuration
2026-05-20 15:12:39 | INFO     | db.database | Creating SQLAlchemy engine
2026-05-20 15:12:39 | INFO     | db.crud | DEBUG logging ENABLED
2026-05-20 15:12:39 | INFO     | auth.security | DEBUG logging ENABLED
2026-05-20 15:12:39 | INFO     | source.factory | DEBUG logging ENABLED
2026-05-20 15:12:39 | INFO     | chunking.factory | DEBUG logging ENABLED
2026-05-20 15:12:40 | INFO     | embedding.factory | DEBUG logging ENABLED
2026-05-20 15:12:40 | INFO     | extractors.factory | DEBUG logging ENABLED
2026-05-20 15:12:40 | INFO     | extractors.pdf_extractor | DEBUG logging ENABLED
2026-05-20 15:12:41 | INFO     | extractors.excel_extractor | DEBUG logging ENABLED
2026-05-20 15:12:41 | INFO     | extractors.word_extractor | DEBUG logging ENABLED
2026-05-20 15:12:41 | INFO     | extractors.ppt_extractor | DEBUG logging ENABLED
2026-05-20 15:12:41 | INFO     | extractors.image_extractor | DEBUG logging ENABLED
2026-05-20 15:12:41 | INFO     | vector_store.factory | DEBUG logging ENABLED
2026-05-20 15:12:41 | INFO     | extractors.ocr_config | DEBUG logging ENABLED
2026-05-20 15:12:41 | INFO     | extractors.ocr_config | Configuring Tesseract OCR
2026-05-20 15:12:41 | INFO     | extractors.ocr_config | Tesseract path configured: D:\Tesseract\tesseract.exe
2026-05-20 15:12:41 | INFO     | app | Starting Onboarding API
2026-05-20 15:12:41 | INFO     | app | Initializing database
2026-05-20 15:12:41 | INFO     | db.database | Initializing database tables
2026-05-20 15:12:41 | INFO     | db.database | Database tables initialized successfully
2026-05-20 15:12:41 | INFO     | app | Database initialized successfully
2026-05-20 15:12:41 | INFO     | app | Tenant config directory ready: tenant_configs
2026-05-20 15:12:41 | INFO     | app | DEBUG logging ENABLED
2026-05-20 15:12:42 | INFO     | db.database | DEBUG logging ENABLED
2026-05-20 15:12:42 | INFO     | db.database | Loading database configuration
2026-05-20 15:12:42 | INFO     | db.database | Creating SQLAlchemy engine
2026-05-20 15:12:42 | INFO     | db.crud | DEBUG logging ENABLED
2026-05-20 15:12:42 | INFO     | auth.security | DEBUG logging ENABLED
2026-05-20 15:12:42 | INFO     | source.factory | DEBUG logging ENABLED
2026-05-20 15:12:42 | INFO     | chunking.factory | DEBUG logging ENABLED
2026-05-20 15:12:43 | INFO     | embedding.factory | DEBUG logging ENABLED
2026-05-20 15:12:43 | INFO     | extractors.factory | DEBUG logging ENABLED
2026-05-20 15:12:43 | INFO     | extractors.pdf_extractor | DEBUG logging ENABLED
2026-05-20 15:12:44 | INFO     | extractors.excel_extractor | DEBUG logging ENABLED
2026-05-20 15:12:44 | INFO     | extractors.word_extractor | DEBUG logging ENABLED
2026-05-20 15:12:44 | INFO     | extractors.ppt_extractor | DEBUG logging ENABLED
2026-05-20 15:12:44 | INFO     | extractors.image_extractor | DEBUG logging ENABLED
2026-05-20 15:12:44 | INFO     | vector_store.factory | DEBUG logging ENABLED
2026-05-20 15:12:44 | INFO     | extractors.ocr_config | DEBUG logging ENABLED
2026-05-20 15:12:44 | INFO     | extractors.ocr_config | Configuring Tesseract OCR
2026-05-20 15:12:44 | INFO     | extractors.ocr_config | Tesseract path configured: D:\Tesseract\tesseract.exe
2026-05-20 15:12:44 | INFO     | app | Starting Onboarding API
2026-05-20 15:12:44 | INFO     | app | Initializing database
2026-05-20 15:12:44 | INFO     | db.database | Initializing database tables
2026-05-20 15:12:44 | INFO     | db.database | Database tables initialized successfully
2026-05-20 15:12:44 | INFO     | app | Database initialized successfully
2026-05-20 15:12:44 | INFO     | app | Tenant config directory ready: tenant_configs
2026-05-20 15:12:44 | INFO     | app | RAG ENGINE ONBOARDING API STARTED
2026-05-20 15:12:46 | INFO     | app | Tenant creation request received
2026-05-20 15:12:46 | INFO     | app | Validating bearer token
2026-05-20 15:12:46 | INFO     | auth.security | Validating bearer token
2026-05-20 15:12:46 | INFO     | auth.security | Bearer token validated successfully
2026-05-20 15:12:46 | INFO     | app | Bearer token validated successfully
2026-05-20 15:12:46 | INFO     | app | Uploaded file received: config.yaml
2026-05-20 15:12:46 | INFO     | app | Reading uploaded YAML file
2026-05-20 15:12:46 | INFO     | app | YAML parsed successfully
2026-05-20 15:12:46 | INFO     | app | Validating tenant configuration section
2026-05-20 15:12:46 | INFO     | app | Processing tenant: redington-ecommerce-11
2026-05-20 15:12:46 | INFO     | app | Tenant config saved: tenant_configs\redington-ecommerce-11-config.yaml
2026-05-20 15:12:46 | INFO     | app | Generated tenant PKID: redington-ecommerce-11
2026-05-20 15:12:46 | INFO     | app | Checking existing tenant: redington-ecommerce-11
2026-05-20 15:12:46 | INFO     | db.crud | Fetching tenant by PKID: redington-ecommerce-11
2026-05-20 15:12:46 | INFO     | db.crud | Tenant found: redington-ecommerce-11
2026-05-20 15:12:46 | WARNING  | app | Duplicate tenant detected: redington-ecommerce-11
2026-05-20 15:13:10 | INFO     | app | Tenant creation request received
2026-05-20 15:13:10 | INFO     | app | Validating bearer token
2026-05-20 15:13:10 | INFO     | auth.security | Validating bearer token
2026-05-20 15:13:10 | INFO     | auth.security | Bearer token validated successfully
2026-05-20 15:13:10 | INFO     | app | Bearer token validated successfully
2026-05-20 15:13:10 | INFO     | app | Uploaded file received: config.yaml
2026-05-20 15:13:10 | INFO     | app | Reading uploaded YAML file
2026-05-20 15:13:10 | INFO     | app | YAML parsed successfully
2026-05-20 15:13:10 | INFO     | app | Validating tenant configuration section
2026-05-20 15:13:10 | INFO     | app | Processing tenant: redington-ecommerce-12
2026-05-20 15:13:10 | INFO     | app | Tenant config saved: tenant_configs\redington-ecommerce-12-config.yaml
2026-05-20 15:13:10 | INFO     | app | Generated tenant PKID: redington-ecommerce-12
2026-05-20 15:13:10 | INFO     | app | Checking existing tenant: redington-ecommerce-12
2026-05-20 15:13:10 | INFO     | db.crud | Fetching tenant by PKID: redington-ecommerce-12
2026-05-20 15:13:10 | WARNING  | db.crud | Tenant not found: redington-ecommerce-12
2026-05-20 15:13:10 | INFO     | app | Creating tenant in database: redington-ecommerce-12
2026-05-20 15:13:10 | INFO     | db.crud | Creating tenant: redington-ecommerce-12
2026-05-20 15:13:10 | INFO     | db.crud | Tenant created successfully: redington-ecommerce-12
2026-05-20 15:13:10 | INFO     | db.crud | Saving tenant configuration YAML
2026-05-20 15:13:10 | INFO     | db.crud | Tenant configuration saved successfully
2026-05-20 15:13:10 | INFO     | app | Tenant created successfully: redington-ecommerce-12
2026-05-20 15:13:10 | INFO     | auth.security | Generating strong password
2026-05-20 15:13:10 | INFO     | auth.security | Strong password generated successfully
2026-05-20 15:13:10 | INFO     | app | Generated credentials for tenant: redington-ecommerce-12
2026-05-20 15:13:10 | INFO     | db.crud | Checking if user exists: redington-ecommerce-12
2026-05-20 15:13:10 | INFO     | db.crud | User existence result for redington-ecommerce-12: False
2026-05-20 15:13:10 | INFO     | app | Creating tenant user: redington-ecommerce-12
2026-05-20 15:13:10 | ERROR    | app | Tenant creation failed
Traceback (most recent call last):
  File "D:\OneDrive - REDINGTON\Work\Code\RAG\s1_rag_engine\onboarding_api\app.py", line 360, in create_tenant
    f"Database user object created: {db_user}"
                                     ^^^^^^^
UnboundLocalError: cannot access local variable 'db_user' where it is not associated with a value
2026-05-20 15:14:22 | INFO     | app | DEBUG logging ENABLED
2026-05-20 15:14:22 | INFO     | db.database | DEBUG logging ENABLED
2026-05-20 15:14:22 | INFO     | db.database | Loading database configuration
2026-05-20 15:14:22 | INFO     | db.database | Creating SQLAlchemy engine
2026-05-20 15:14:22 | INFO     | db.crud | DEBUG logging ENABLED
2026-05-20 15:14:22 | INFO     | auth.security | DEBUG logging ENABLED
2026-05-20 15:14:22 | INFO     | source.factory | DEBUG logging ENABLED
2026-05-20 15:14:22 | INFO     | chunking.factory | DEBUG logging ENABLED
2026-05-20 15:14:24 | INFO     | embedding.factory | DEBUG logging ENABLED
2026-05-20 15:14:24 | INFO     | extractors.factory | DEBUG logging ENABLED
2026-05-20 15:14:24 | INFO     | extractors.pdf_extractor | DEBUG logging ENABLED
2026-05-20 15:14:25 | INFO     | extractors.excel_extractor | DEBUG logging ENABLED
2026-05-20 15:14:25 | INFO     | extractors.word_extractor | DEBUG logging ENABLED
2026-05-20 15:14:25 | INFO     | extractors.ppt_extractor | DEBUG logging ENABLED
2026-05-20 15:14:25 | INFO     | extractors.image_extractor | DEBUG logging ENABLED
2026-05-20 15:14:25 | INFO     | vector_store.factory | DEBUG logging ENABLED
2026-05-20 15:14:25 | INFO     | extractors.ocr_config | DEBUG logging ENABLED
2026-05-20 15:14:25 | INFO     | extractors.ocr_config | Configuring Tesseract OCR
2026-05-20 15:14:25 | INFO     | extractors.ocr_config | Tesseract path configured: D:\Tesseract\tesseract.exe
2026-05-20 15:14:25 | INFO     | app | Starting Onboarding API
2026-05-20 15:14:25 | INFO     | app | Initializing database
2026-05-20 15:14:25 | INFO     | db.database | Initializing database tables
2026-05-20 15:14:25 | INFO     | db.database | Database tables initialized successfully
2026-05-20 15:14:25 | INFO     | app | Database initialized successfully
2026-05-20 15:14:25 | INFO     | app | Tenant config directory ready: tenant_configs
2026-05-20 15:14:25 | INFO     | app | RAG ENGINE ONBOARDING API STARTED
2026-05-20 15:14:31 | INFO     | app | Tenant creation request received
2026-05-20 15:14:31 | INFO     | app | Validating bearer token
2026-05-20 15:14:31 | INFO     | auth.security | Validating bearer token
2026-05-20 15:14:31 | INFO     | auth.security | Bearer token validated successfully
2026-05-20 15:14:31 | INFO     | app | Bearer token validated successfully
2026-05-20 15:14:31 | INFO     | app | Uploaded file received: config.yaml
2026-05-20 15:14:31 | INFO     | app | Reading uploaded YAML file
2026-05-20 15:14:31 | INFO     | app | YAML parsed successfully
2026-05-20 15:14:31 | INFO     | app | Validating tenant configuration section
2026-05-20 15:14:31 | INFO     | app | Processing tenant: redington-ecommerce-12
2026-05-20 15:14:31 | INFO     | app | Tenant config saved: tenant_configs\redington-ecommerce-12-config.yaml
2026-05-20 15:14:31 | INFO     | app | Generated tenant PKID: redington-ecommerce-12
2026-05-20 15:14:31 | INFO     | app | Checking existing tenant: redington-ecommerce-12
2026-05-20 15:14:31 | INFO     | db.crud | Fetching tenant by PKID: redington-ecommerce-12
2026-05-20 15:14:31 | INFO     | db.crud | Tenant found: redington-ecommerce-12
2026-05-20 15:14:31 | WARNING  | app | Duplicate tenant detected: redington-ecommerce-12
2026-05-20 15:14:52 | INFO     | app | Tenant creation request received
2026-05-20 15:14:52 | INFO     | app | Validating bearer token
2026-05-20 15:14:52 | INFO     | auth.security | Validating bearer token
2026-05-20 15:14:52 | INFO     | auth.security | Bearer token validated successfully
2026-05-20 15:14:52 | INFO     | app | Bearer token validated successfully
2026-05-20 15:14:52 | INFO     | app | Uploaded file received: config.yaml
2026-05-20 15:14:52 | INFO     | app | Reading uploaded YAML file
2026-05-20 15:14:52 | INFO     | app | YAML parsed successfully
2026-05-20 15:14:52 | INFO     | app | Validating tenant configuration section
2026-05-20 15:14:52 | INFO     | app | Processing tenant: redington-ecommerce-13
2026-05-20 15:14:52 | INFO     | app | Tenant config saved: tenant_configs\redington-ecommerce-13-config.yaml
2026-05-20 15:14:52 | INFO     | app | Generated tenant PKID: redington-ecommerce-13
2026-05-20 15:14:52 | INFO     | app | Checking existing tenant: redington-ecommerce-13
2026-05-20 15:14:52 | INFO     | db.crud | Fetching tenant by PKID: redington-ecommerce-13
2026-05-20 15:14:52 | WARNING  | db.crud | Tenant not found: redington-ecommerce-13
2026-05-20 15:14:52 | INFO     | app | Creating tenant in database: redington-ecommerce-13
2026-05-20 15:14:52 | INFO     | db.crud | Creating tenant: redington-ecommerce-13
2026-05-20 15:14:52 | INFO     | db.crud | Tenant created successfully: redington-ecommerce-13
2026-05-20 15:14:52 | INFO     | db.crud | Saving tenant configuration YAML
2026-05-20 15:14:52 | INFO     | db.crud | Tenant configuration saved successfully
2026-05-20 15:14:52 | INFO     | app | Tenant created successfully: redington-ecommerce-13
2026-05-20 15:14:52 | INFO     | auth.security | Generating strong password
2026-05-20 15:14:52 | INFO     | auth.security | Strong password generated successfully
2026-05-20 15:14:52 | INFO     | app | Generated credentials for tenant: redington-ecommerce-13
2026-05-20 15:14:52 | INFO     | db.crud | Checking if user exists: redington-ecommerce-13
2026-05-20 15:14:52 | INFO     | db.crud | User existence result for redington-ecommerce-13: False
2026-05-20 15:14:52 | INFO     | app | Creating tenant user: redington-ecommerce-13
2026-05-20 15:14:52 | ERROR    | app | Tenant creation failed
Traceback (most recent call last):
  File "D:\OneDrive - REDINGTON\Work\Code\RAG\s1_rag_engine\onboarding_api\app.py", line 266, in create_tenant
    logger.debug(f"Database user object created: {db_user}")
                                                  ^^^^^^^
UnboundLocalError: cannot access local variable 'db_user' where it is not associated with a value
2026-05-20 15:17:28 | INFO     | app | DEBUG logging ENABLED
2026-05-20 15:17:29 | INFO     | db.database | DEBUG logging ENABLED
2026-05-20 15:17:29 | INFO     | db.database | Loading database configuration
2026-05-20 15:17:29 | INFO     | db.database | Creating SQLAlchemy engine
2026-05-20 15:17:29 | INFO     | db.crud | DEBUG logging ENABLED
2026-05-20 15:17:29 | INFO     | auth.security | DEBUG logging ENABLED
2026-05-20 15:17:29 | INFO     | source.factory | DEBUG logging ENABLED
2026-05-20 15:17:29 | INFO     | chunking.factory | DEBUG logging ENABLED
2026-05-20 15:17:30 | INFO     | embedding.factory | DEBUG logging ENABLED
2026-05-20 15:17:30 | INFO     | extractors.factory | DEBUG logging ENABLED
2026-05-20 15:17:30 | INFO     | extractors.pdf_extractor | DEBUG logging ENABLED
2026-05-20 15:17:31 | INFO     | extractors.excel_extractor | DEBUG logging ENABLED
2026-05-20 15:17:31 | INFO     | extractors.word_extractor | DEBUG logging ENABLED
2026-05-20 15:17:31 | INFO     | extractors.ppt_extractor | DEBUG logging ENABLED
2026-05-20 15:17:31 | INFO     | extractors.image_extractor | DEBUG logging ENABLED
2026-05-20 15:17:31 | INFO     | vector_store.factory | DEBUG logging ENABLED
2026-05-20 15:17:31 | INFO     | extractors.ocr_config | DEBUG logging ENABLED
2026-05-20 15:17:31 | INFO     | extractors.ocr_config | Configuring Tesseract OCR
2026-05-20 15:17:31 | INFO     | extractors.ocr_config | Tesseract path configured: D:\Tesseract\tesseract.exe
2026-05-20 15:17:31 | INFO     | app | Starting Onboarding API
2026-05-20 15:17:31 | INFO     | app | Initializing database
2026-05-20 15:17:31 | INFO     | db.database | Initializing database tables
2026-05-20 15:17:31 | INFO     | db.database | Database tables initialized successfully
2026-05-20 15:17:31 | INFO     | app | Database initialized successfully
2026-05-20 15:17:31 | INFO     | app | Tenant config directory ready: tenant_configs
2026-05-20 15:17:31 | INFO     | app | RAG ENGINE ONBOARDING API STARTED
2026-05-20 15:17:32 | INFO     | app | DEBUG logging ENABLED
2026-05-20 15:17:33 | INFO     | db.database | DEBUG logging ENABLED
2026-05-20 15:17:33 | INFO     | db.database | Loading database configuration
2026-05-20 15:17:33 | INFO     | db.database | Creating SQLAlchemy engine
2026-05-20 15:17:33 | INFO     | db.crud | DEBUG logging ENABLED
2026-05-20 15:17:33 | INFO     | auth.security | DEBUG logging ENABLED
2026-05-20 15:17:33 | INFO     | source.factory | DEBUG logging ENABLED
2026-05-20 15:17:33 | INFO     | chunking.factory | DEBUG logging ENABLED
2026-05-20 15:17:34 | INFO     | embedding.factory | DEBUG logging ENABLED
2026-05-20 15:17:34 | INFO     | extractors.factory | DEBUG logging ENABLED
2026-05-20 15:17:34 | INFO     | extractors.pdf_extractor | DEBUG logging ENABLED
2026-05-20 15:17:35 | INFO     | extractors.excel_extractor | DEBUG logging ENABLED
2026-05-20 15:17:35 | INFO     | extractors.word_extractor | DEBUG logging ENABLED
2026-05-20 15:17:35 | INFO     | extractors.ppt_extractor | DEBUG logging ENABLED
2026-05-20 15:17:35 | INFO     | extractors.image_extractor | DEBUG logging ENABLED
2026-05-20 15:17:35 | INFO     | vector_store.factory | DEBUG logging ENABLED
2026-05-20 15:17:35 | INFO     | extractors.ocr_config | DEBUG logging ENABLED
2026-05-20 15:17:35 | INFO     | extractors.ocr_config | Configuring Tesseract OCR
2026-05-20 15:17:35 | INFO     | extractors.ocr_config | Tesseract path configured: D:\Tesseract\tesseract.exe
2026-05-20 15:17:35 | INFO     | app | Starting Onboarding API
2026-05-20 15:17:35 | INFO     | app | Initializing database
2026-05-20 15:17:35 | INFO     | db.database | Initializing database tables
2026-05-20 15:17:35 | INFO     | db.database | Database tables initialized successfully
2026-05-20 15:17:35 | INFO     | app | Database initialized successfully
2026-05-20 15:17:35 | INFO     | app | Tenant config directory ready: tenant_configs
2026-05-20 15:17:35 | INFO     | app | RAG ENGINE ONBOARDING API STARTED
2026-05-20 15:17:36 | INFO     | app | DEBUG logging ENABLED
2026-05-20 15:17:37 | INFO     | db.database | DEBUG logging ENABLED
2026-05-20 15:17:37 | INFO     | db.database | Loading database configuration
2026-05-20 15:17:37 | INFO     | db.database | Creating SQLAlchemy engine
2026-05-20 15:17:37 | INFO     | db.crud | DEBUG logging ENABLED
2026-05-20 15:17:37 | INFO     | auth.security | DEBUG logging ENABLED
2026-05-20 15:17:37 | INFO     | source.factory | DEBUG logging ENABLED
2026-05-20 15:17:37 | INFO     | chunking.factory | DEBUG logging ENABLED
2026-05-20 15:17:38 | INFO     | embedding.factory | DEBUG logging ENABLED
2026-05-20 15:17:38 | INFO     | extractors.factory | DEBUG logging ENABLED
2026-05-20 15:17:38 | INFO     | extractors.pdf_extractor | DEBUG logging ENABLED
2026-05-20 15:17:39 | INFO     | extractors.excel_extractor | DEBUG logging ENABLED
2026-05-20 15:17:39 | INFO     | extractors.word_extractor | DEBUG logging ENABLED
2026-05-20 15:17:39 | INFO     | extractors.ppt_extractor | DEBUG logging ENABLED
2026-05-20 15:17:39 | INFO     | extractors.image_extractor | DEBUG logging ENABLED
2026-05-20 15:17:39 | INFO     | vector_store.factory | DEBUG logging ENABLED
2026-05-20 15:17:39 | INFO     | extractors.ocr_config | DEBUG logging ENABLED
2026-05-20 15:17:39 | INFO     | extractors.ocr_config | Configuring Tesseract OCR
2026-05-20 15:17:39 | INFO     | extractors.ocr_config | Tesseract path configured: D:\Tesseract\tesseract.exe
2026-05-20 15:17:39 | INFO     | app | Starting Onboarding API
2026-05-20 15:17:39 | INFO     | app | Initializing database
2026-05-20 15:17:39 | INFO     | db.database | Initializing database tables
2026-05-20 15:17:39 | INFO     | db.database | Database tables initialized successfully
2026-05-20 15:17:39 | INFO     | app | Database initialized successfully
2026-05-20 15:17:39 | INFO     | app | Tenant config directory ready: tenant_configs
2026-05-20 15:17:39 | INFO     | app | RAG ENGINE ONBOARDING API STARTED
2026-05-20 15:17:40 | INFO     | app | DEBUG logging ENABLED
2026-05-20 15:17:40 | INFO     | db.database | DEBUG logging ENABLED
2026-05-20 15:17:40 | INFO     | db.database | Loading database configuration
2026-05-20 15:17:40 | INFO     | db.database | Creating SQLAlchemy engine
2026-05-20 15:17:40 | INFO     | db.crud | DEBUG logging ENABLED
2026-05-20 15:17:40 | INFO     | auth.security | DEBUG logging ENABLED
2026-05-20 15:17:40 | INFO     | source.factory | DEBUG logging ENABLED
2026-05-20 15:17:40 | INFO     | chunking.factory | DEBUG logging ENABLED
2026-05-20 15:17:42 | INFO     | embedding.factory | DEBUG logging ENABLED
2026-05-20 15:17:42 | INFO     | extractors.factory | DEBUG logging ENABLED
2026-05-20 15:17:42 | INFO     | extractors.pdf_extractor | DEBUG logging ENABLED
2026-05-20 15:17:42 | INFO     | extractors.excel_extractor | DEBUG logging ENABLED
2026-05-20 15:17:42 | INFO     | extractors.word_extractor | DEBUG logging ENABLED
2026-05-20 15:17:42 | INFO     | extractors.ppt_extractor | DEBUG logging ENABLED
2026-05-20 15:17:42 | INFO     | extractors.image_extractor | DEBUG logging ENABLED
2026-05-20 15:17:42 | INFO     | vector_store.factory | DEBUG logging ENABLED
2026-05-20 15:17:42 | INFO     | extractors.ocr_config | DEBUG logging ENABLED
2026-05-20 15:17:42 | INFO     | extractors.ocr_config | Configuring Tesseract OCR
2026-05-20 15:17:42 | INFO     | extractors.ocr_config | Tesseract path configured: D:\Tesseract\tesseract.exe
2026-05-20 15:17:42 | INFO     | app | Starting Onboarding API
2026-05-20 15:17:42 | INFO     | app | Initializing database
2026-05-20 15:17:42 | INFO     | db.database | Initializing database tables
2026-05-20 15:17:42 | INFO     | db.database | Database tables initialized successfully
2026-05-20 15:17:42 | INFO     | app | Database initialized successfully
2026-05-20 15:17:42 | INFO     | app | Tenant config directory ready: tenant_configs
2026-05-20 15:17:42 | INFO     | app | RAG ENGINE ONBOARDING API STARTED
2026-05-20 15:17:43 | INFO     | app | DEBUG logging ENABLED
2026-05-20 15:17:44 | INFO     | db.database | DEBUG logging ENABLED
2026-05-20 15:17:44 | INFO     | db.database | Loading database configuration
2026-05-20 15:17:44 | INFO     | db.database | Creating SQLAlchemy engine
2026-05-20 15:17:44 | INFO     | db.crud | DEBUG logging ENABLED
2026-05-20 15:17:44 | INFO     | auth.security | DEBUG logging ENABLED
2026-05-20 15:17:44 | INFO     | source.factory | DEBUG logging ENABLED
2026-05-20 15:17:44 | INFO     | chunking.factory | DEBUG logging ENABLED
2026-05-20 15:17:45 | INFO     | embedding.factory | DEBUG logging ENABLED
2026-05-20 15:17:45 | INFO     | extractors.factory | DEBUG logging ENABLED
2026-05-20 15:17:45 | INFO     | extractors.pdf_extractor | DEBUG logging ENABLED
2026-05-20 15:17:46 | INFO     | extractors.excel_extractor | DEBUG logging ENABLED
2026-05-20 15:17:46 | INFO     | extractors.word_extractor | DEBUG logging ENABLED
2026-05-20 15:17:46 | INFO     | extractors.ppt_extractor | DEBUG logging ENABLED
2026-05-20 15:17:47 | INFO     | extractors.image_extractor | DEBUG logging ENABLED
2026-05-20 15:17:47 | INFO     | vector_store.factory | DEBUG logging ENABLED
2026-05-20 15:17:47 | INFO     | extractors.ocr_config | DEBUG logging ENABLED
2026-05-20 15:17:47 | INFO     | extractors.ocr_config | Configuring Tesseract OCR
2026-05-20 15:17:47 | INFO     | extractors.ocr_config | Tesseract path configured: D:\Tesseract\tesseract.exe
2026-05-20 15:17:47 | INFO     | app | Starting Onboarding API
2026-05-20 15:17:47 | INFO     | app | Initializing database
2026-05-20 15:17:47 | INFO     | db.database | Initializing database tables
2026-05-20 15:17:47 | INFO     | db.database | Database tables initialized successfully
2026-05-20 15:17:47 | INFO     | app | Database initialized successfully
2026-05-20 15:17:47 | INFO     | app | Tenant config directory ready: tenant_configs
2026-05-20 15:17:47 | INFO     | app | RAG ENGINE ONBOARDING API STARTED
2026-05-20 15:19:11 | INFO     | app | DEBUG logging ENABLED
2026-05-20 15:19:12 | INFO     | db.database | DEBUG logging ENABLED
2026-05-20 15:19:12 | INFO     | db.database | Loading database configuration
2026-05-20 15:19:12 | INFO     | db.database | Creating SQLAlchemy engine
2026-05-20 15:19:12 | INFO     | db.crud | DEBUG logging ENABLED
2026-05-20 15:19:12 | INFO     | auth.security | DEBUG logging ENABLED
2026-05-20 15:19:12 | INFO     | source.factory | DEBUG logging ENABLED
2026-05-20 15:19:12 | INFO     | chunking.factory | DEBUG logging ENABLED
2026-05-20 15:19:14 | INFO     | embedding.factory | DEBUG logging ENABLED
2026-05-20 15:19:14 | INFO     | extractors.factory | DEBUG logging ENABLED
2026-05-20 15:19:14 | INFO     | extractors.pdf_extractor | DEBUG logging ENABLED
2026-05-20 15:19:16 | INFO     | extractors.excel_extractor | DEBUG logging ENABLED
2026-05-20 15:19:16 | INFO     | extractors.word_extractor | DEBUG logging ENABLED
2026-05-20 15:19:16 | INFO     | extractors.ppt_extractor | DEBUG logging ENABLED
2026-05-20 15:19:16 | INFO     | extractors.image_extractor | DEBUG logging ENABLED
2026-05-20 15:19:16 | INFO     | vector_store.factory | DEBUG logging ENABLED
2026-05-20 15:19:16 | INFO     | extractors.ocr_config | DEBUG logging ENABLED
2026-05-20 15:19:16 | INFO     | extractors.ocr_config | Configuring Tesseract OCR
2026-05-20 15:19:16 | INFO     | extractors.ocr_config | Tesseract path configured: D:\Tesseract\tesseract.exe
2026-05-20 15:19:16 | INFO     | app | Starting Onboarding API
2026-05-20 15:19:16 | INFO     | app | Initializing database
2026-05-20 15:19:16 | INFO     | db.database | Initializing database tables
2026-05-20 15:19:16 | INFO     | db.database | Database tables initialized successfully
2026-05-20 15:19:16 | INFO     | app | Database initialized successfully
2026-05-20 15:19:16 | INFO     | app | Tenant config directory ready: tenant_configs
2026-05-20 15:19:17 | INFO     | app | DEBUG logging ENABLED
2026-05-20 15:19:18 | INFO     | db.database | DEBUG logging ENABLED
2026-05-20 15:19:18 | INFO     | db.database | Loading database configuration
2026-05-20 15:19:18 | INFO     | db.database | Creating SQLAlchemy engine
2026-05-20 15:19:18 | INFO     | db.crud | DEBUG logging ENABLED
2026-05-20 15:19:18 | INFO     | auth.security | DEBUG logging ENABLED
2026-05-20 15:19:18 | INFO     | source.factory | DEBUG logging ENABLED
2026-05-20 15:19:18 | INFO     | chunking.factory | DEBUG logging ENABLED
2026-05-20 15:19:19 | INFO     | embedding.factory | DEBUG logging ENABLED
2026-05-20 15:19:19 | INFO     | extractors.factory | DEBUG logging ENABLED
2026-05-20 15:19:19 | INFO     | extractors.pdf_extractor | DEBUG logging ENABLED
2026-05-20 15:19:19 | INFO     | extractors.excel_extractor | DEBUG logging ENABLED
2026-05-20 15:19:19 | INFO     | extractors.word_extractor | DEBUG logging ENABLED
2026-05-20 15:19:20 | INFO     | extractors.ppt_extractor | DEBUG logging ENABLED
2026-05-20 15:19:20 | INFO     | extractors.image_extractor | DEBUG logging ENABLED
2026-05-20 15:19:20 | INFO     | vector_store.factory | DEBUG logging ENABLED
2026-05-20 15:19:20 | INFO     | extractors.ocr_config | DEBUG logging ENABLED
2026-05-20 15:19:20 | INFO     | extractors.ocr_config | Configuring Tesseract OCR
2026-05-20 15:19:20 | INFO     | extractors.ocr_config | Tesseract path configured: D:\Tesseract\tesseract.exe
2026-05-20 15:19:20 | INFO     | app | Starting Onboarding API
2026-05-20 15:19:20 | INFO     | app | Initializing database
2026-05-20 15:19:20 | INFO     | db.database | Initializing database tables
2026-05-20 15:19:20 | INFO     | db.database | Database tables initialized successfully
2026-05-20 15:19:20 | INFO     | app | Database initialized successfully
2026-05-20 15:19:20 | INFO     | app | Tenant config directory ready: tenant_configs
2026-05-20 15:19:20 | INFO     | app | RAG ENGINE ONBOARDING API STARTED
2026-05-20 15:19:33 | INFO     | app | DEBUG logging ENABLED
2026-05-20 15:19:33 | INFO     | db.database | DEBUG logging ENABLED
2026-05-20 15:19:33 | INFO     | db.database | Loading database configuration
2026-05-20 15:19:33 | INFO     | db.database | Creating SQLAlchemy engine
2026-05-20 15:19:33 | INFO     | db.crud | DEBUG logging ENABLED
2026-05-20 15:19:33 | INFO     | auth.security | DEBUG logging ENABLED
2026-05-20 15:19:33 | INFO     | source.factory | DEBUG logging ENABLED
2026-05-20 15:19:33 | INFO     | chunking.factory | DEBUG logging ENABLED
2026-05-20 15:19:35 | INFO     | embedding.factory | DEBUG logging ENABLED
2026-05-20 15:19:35 | INFO     | extractors.factory | DEBUG logging ENABLED
2026-05-20 15:19:35 | INFO     | extractors.pdf_extractor | DEBUG logging ENABLED
2026-05-20 15:19:35 | INFO     | extractors.excel_extractor | DEBUG logging ENABLED
2026-05-20 15:19:35 | INFO     | extractors.word_extractor | DEBUG logging ENABLED
2026-05-20 15:19:35 | INFO     | extractors.ppt_extractor | DEBUG logging ENABLED
2026-05-20 15:19:35 | INFO     | extractors.image_extractor | DEBUG logging ENABLED
2026-05-20 15:19:35 | INFO     | vector_store.factory | DEBUG logging ENABLED
2026-05-20 15:19:35 | INFO     | extractors.ocr_config | DEBUG logging ENABLED
2026-05-20 15:19:35 | INFO     | extractors.ocr_config | Configuring Tesseract OCR
2026-05-20 15:19:35 | INFO     | extractors.ocr_config | Tesseract path configured: D:\Tesseract\tesseract.exe
2026-05-20 15:19:35 | INFO     | app | Starting Onboarding API
2026-05-20 15:19:35 | INFO     | app | Initializing database
2026-05-20 15:19:35 | INFO     | db.database | Initializing database tables
2026-05-20 15:19:35 | INFO     | db.database | Database tables initialized successfully
2026-05-20 15:19:35 | INFO     | app | Database initialized successfully
2026-05-20 15:19:35 | INFO     | app | Tenant config directory ready: tenant_configs
2026-05-20 15:19:36 | INFO     | app | DEBUG logging ENABLED
2026-05-20 15:19:36 | INFO     | db.database | DEBUG logging ENABLED
2026-05-20 15:19:36 | INFO     | db.database | Loading database configuration
2026-05-20 15:19:36 | INFO     | db.database | Creating SQLAlchemy engine
2026-05-20 15:19:37 | INFO     | db.crud | DEBUG logging ENABLED
2026-05-20 15:19:37 | INFO     | auth.security | DEBUG logging ENABLED
2026-05-20 15:19:37 | INFO     | source.factory | DEBUG logging ENABLED
2026-05-20 15:19:37 | INFO     | chunking.factory | DEBUG logging ENABLED
2026-05-20 15:19:38 | INFO     | embedding.factory | DEBUG logging ENABLED
2026-05-20 15:19:38 | INFO     | extractors.factory | DEBUG logging ENABLED
2026-05-20 15:19:38 | INFO     | extractors.pdf_extractor | DEBUG logging ENABLED
2026-05-20 15:19:38 | INFO     | extractors.excel_extractor | DEBUG logging ENABLED
2026-05-20 15:19:38 | INFO     | extractors.word_extractor | DEBUG logging ENABLED
2026-05-20 15:19:38 | INFO     | extractors.ppt_extractor | DEBUG logging ENABLED
2026-05-20 15:19:38 | INFO     | extractors.image_extractor | DEBUG logging ENABLED
2026-05-20 15:19:38 | INFO     | vector_store.factory | DEBUG logging ENABLED
2026-05-20 15:19:38 | INFO     | extractors.ocr_config | DEBUG logging ENABLED
2026-05-20 15:19:38 | INFO     | extractors.ocr_config | Configuring Tesseract OCR
2026-05-20 15:19:38 | INFO     | extractors.ocr_config | Tesseract path configured: D:\Tesseract\tesseract.exe
2026-05-20 15:19:38 | INFO     | app | Starting Onboarding API
2026-05-20 15:19:38 | INFO     | app | Initializing database
2026-05-20 15:19:38 | INFO     | db.database | Initializing database tables
2026-05-20 15:19:38 | INFO     | db.database | Database tables initialized successfully
2026-05-20 15:19:38 | INFO     | app | Database initialized successfully
2026-05-20 15:19:38 | INFO     | app | Tenant config directory ready: tenant_configs
2026-05-20 15:19:38 | INFO     | app | RAG ENGINE ONBOARDING API STARTED
2026-05-20 15:20:25 | INFO     | app | Health check endpoint accessed
2026-05-20 15:20:41 | INFO     | app | Tenant creation request received
2026-05-20 15:20:41 | INFO     | app | Validating bearer token
2026-05-20 15:20:41 | INFO     | auth.security | Validating bearer token
2026-05-20 15:20:41 | INFO     | auth.security | Bearer token validated successfully
2026-05-20 15:20:41 | INFO     | app | Bearer token validated successfully
2026-05-20 15:20:41 | INFO     | app | Uploaded file received: config.yaml
2026-05-20 15:20:41 | INFO     | app | Reading uploaded YAML file
2026-05-20 15:20:41 | INFO     | app | YAML parsed successfully
2026-05-20 15:20:41 | INFO     | app | Validating tenant configuration section
2026-05-20 15:20:41 | INFO     | app | Processing tenant: redington-ecommerce-14
2026-05-20 15:20:41 | INFO     | app | Tenant config saved: tenant_configs\redington-ecommerce-14-config.yaml
2026-05-20 15:20:41 | INFO     | app | Generated tenant PKID: redington-ecommerce-14
2026-05-20 15:20:41 | INFO     | app | Checking existing tenant: redington-ecommerce-14
2026-05-20 15:20:41 | INFO     | db.crud | Fetching tenant by PKID: redington-ecommerce-14
2026-05-20 15:20:41 | WARNING  | db.crud | Tenant not found: redington-ecommerce-14
2026-05-20 15:20:41 | INFO     | app | Creating tenant in database: redington-ecommerce-14
2026-05-20 15:20:41 | INFO     | db.crud | Creating tenant: redington-ecommerce-14
2026-05-20 15:20:41 | INFO     | db.crud | Tenant created successfully: redington-ecommerce-14
2026-05-20 15:20:41 | INFO     | db.crud | Saving tenant configuration YAML
2026-05-20 15:20:42 | INFO     | db.crud | Tenant configuration saved successfully
2026-05-20 15:20:42 | INFO     | app | Tenant created successfully: redington-ecommerce-14
2026-05-20 15:20:42 | INFO     | auth.security | Generating strong password
2026-05-20 15:20:42 | INFO     | auth.security | Strong password generated successfully
2026-05-20 15:20:42 | INFO     | app | Generated credentials for tenant: redington-ecommerce-14
2026-05-20 15:20:42 | INFO     | db.crud | Checking if user exists: redington-ecommerce-14
2026-05-20 15:20:42 | INFO     | db.crud | User existence result for redington-ecommerce-14: False
2026-05-20 15:20:42 | INFO     | app | Creating tenant user: redington-ecommerce-14
2026-05-20 15:20:42 | INFO     | db.crud | Creating user for tenant: redington-ecommerce-14
2026-05-20 15:20:42 | INFO     | db.crud | Role ID not provided, fetching default tenant role
2026-05-20 15:20:42 | INFO     | db.crud | Fetching tenant role
2026-05-20 15:20:42 | INFO     | auth.security | Generating password hash
2026-05-20 15:20:42 | INFO     | auth.security | Password hash generated successfully
2026-05-20 15:20:42 | INFO     | db.crud | User created successfully: redington-ecommerce-14
2026-05-20 15:20:42 | INFO     | app | Tenant user created successfully: redington-ecommerce-14
2026-05-20 15:20:42 | INFO     | app | Triggering ingestion pipeline for tenant: redington-ecommerce-14
2026-05-20 15:20:42 | INFO     | app | Pipeline configuration loaded successfully
2026-05-20 15:20:42 | INFO     | source.s3_source | DEBUG logging ENABLED
2026-05-20 15:20:43 | INFO     | source.factory | Creating source provider: S3Source
2026-05-20 15:20:43 | INFO     | source.s3_source | Initializing S3 source
2026-05-20 15:20:44 | INFO     | source.s3_source | S3 client initialized successfully
2026-05-20 15:20:44 | INFO     | source.s3_source | Starting S3 file download process
2026-05-20 15:20:45 | INFO     | source.s3_source | Downloading S3 object: raw-documents/CrowdStrike Scheduled Search.pdf
2026-05-20 15:20:48 | INFO     | source.s3_source | S3 file downloaded successfully: data\CrowdStrike Scheduled Search.pdf
2026-05-20 15:20:48 | INFO     | source.s3_source | Downloading S3 object: raw-documents/cortex-xdr.pdf
2026-05-20 15:20:48 | INFO     | source.s3_source | S3 file downloaded successfully: data\cortex-xdr.pdf
2026-05-20 15:20:48 | INFO     | source.s3_source | Downloading S3 object: raw-documents/test.pdf
2026-05-20 15:20:49 | INFO     | source.s3_source | S3 file downloaded successfully: data\test.pdf
2026-05-20 15:20:49 | INFO     | source.s3_source | Total S3 files downloaded: 3
2026-05-20 15:20:49 | INFO     | extractors.factory | Selecting extractor for file type: pdf
2026-05-20 15:20:49 | INFO     | extractors.factory | Extractor selected: PDFExtractor
2026-05-20 15:20:49 | INFO     | extractors.pdf_extractor | Starting PDF extraction: data\CrowdStrike Scheduled Search.pdf
2026-05-20 15:20:49 | INFO     | extractors.pdf_extractor | Attempting PyMuPDF text extraction
2026-05-20 15:20:52 | INFO     | extractors.pdf_extractor | PyMuPDF extraction completed
2026-05-20 15:20:52 | WARNING  | extractors.pdf_extractor | OCR fallback triggered for PDF: data\CrowdStrike Scheduled Search.pdf
2026-05-20 15:20:52 | ERROR    | extractors.pdf_extractor | OCR extraction failed
Traceback (most recent call last):
  File "D:\OneDrive - REDINGTON\Work\Code\RAG\s1_rag_engine\onboarding_api\venv\Lib\site-packages\pdf2image\pdf2image.py", line 581, in pdfinfo_from_path
    proc = Popen(command, env=env, stdout=PIPE, stderr=PIPE)
  File "C:\Users\kamalesh.saksoft\AppData\Local\Programs\Python\Python313\Lib\subprocess.py", line 1039, in __init__
    self._execute_child(args, executable, preexec_fn, close_fds,
    ~~~~~~~~~~~~~~~~~~~^^^^^^^^^^^^^^^^^^^^^^^^^^^^^^^^^^^^^^^^^
                        pass_fds, cwd, env,
                        ^^^^^^^^^^^^^^^^^^^
    ...<5 lines>...
                        gid, gids, uid, umask,
                        ^^^^^^^^^^^^^^^^^^^^^^
                        start_new_session, process_group)
                        ^^^^^^^^^^^^^^^^^^^^^^^^^^^^^^^^^
  File "C:\Users\kamalesh.saksoft\AppData\Local\Programs\Python\Python313\Lib\subprocess.py", line 1554, in _execute_child
    hp, ht, pid, tid = _winapi.CreateProcess(executable, args,
                       ~~~~~~~~~~~~~~~~~~~~~^^^^^^^^^^^^^^^^^^
                             # no special security
                             ^^^^^^^^^^^^^^^^^^^^^
    ...<4 lines>...
                             cwd,
                             ^^^^
                             startupinfo)
                             ^^^^^^^^^^^^
FileNotFoundError: [WinError 2] The system cannot find the file specified

During handling of the above exception, another exception occurred:

Traceback (most recent call last):
  File "D:\OneDrive - REDINGTON\Work\Code\RAG\s1_rag_engine\onboarding_api\extractors\pdf_extractor.py", line 61, in extract_text
    images = convert_from_path(file_path)
  File "D:\OneDrive - REDINGTON\Work\Code\RAG\s1_rag_engine\onboarding_api\venv\Lib\site-packages\pdf2image\pdf2image.py", line 127, in convert_from_path
    page_count = pdfinfo_from_path(
                 ~~~~~~~~~~~~~~~~~^
        pdf_path, userpw, ownerpw, poppler_path=poppler_path
        ^^^^^^^^^^^^^^^^^^^^^^^^^^^^^^^^^^^^^^^^^^^^^^^^^^^^
    )["Pages"]
    ^
  File "D:\OneDrive - REDINGTON\Work\Code\RAG\s1_rag_engine\onboarding_api\venv\Lib\site-packages\pdf2image\pdf2image.py", line 607, in pdfinfo_from_path
    raise PDFInfoNotInstalledError(
        "Unable to get page count. Is poppler installed and in PATH?"
    )
pdf2image.exceptions.PDFInfoNotInstalledError: Unable to get page count. Is poppler installed and in PATH?
2026-05-20 15:20:52 | INFO     | extractors.pdf_extractor | PDF extraction completed successfully: data\CrowdStrike Scheduled Search.pdf
2026-05-20 15:20:52 | INFO     | extractors.factory | Selecting extractor for file type: pdf
2026-05-20 15:20:52 | INFO     | extractors.factory | Extractor selected: PDFExtractor
2026-05-20 15:20:52 | INFO     | extractors.pdf_extractor | Starting PDF extraction: data\cortex-xdr.pdf
2026-05-20 15:20:52 | INFO     | extractors.pdf_extractor | Attempting PyMuPDF text extraction
2026-05-20 15:20:52 | INFO     | extractors.pdf_extractor | PyMuPDF extraction completed
2026-05-20 15:20:52 | INFO     | extractors.pdf_extractor | PDF extraction completed successfully: data\cortex-xdr.pdf
2026-05-20 15:20:52 | INFO     | extractors.factory | Selecting extractor for file type: pdf
2026-05-20 15:20:52 | INFO     | extractors.factory | Extractor selected: PDFExtractor
2026-05-20 15:20:52 | INFO     | extractors.pdf_extractor | Starting PDF extraction: data\test.pdf
2026-05-20 15:20:52 | INFO     | extractors.pdf_extractor | Attempting PyMuPDF text extraction
2026-05-20 15:20:52 | INFO     | extractors.pdf_extractor | PyMuPDF extraction completed
2026-05-20 15:20:52 | INFO     | extractors.pdf_extractor | PDF extraction completed successfully: data\test.pdf
2026-05-20 15:20:52 | INFO     | chunking.factory | Initializing chunking configuration
2026-05-20 15:20:52 | INFO     | chunking.factory | Chunking strategy selected: sentence
2026-05-20 15:20:52 | INFO     | chunking.providers.sentence_splitter | DEBUG logging ENABLED
2026-05-20 15:20:52 | INFO     | chunking.providers.token_splitter | DEBUG logging ENABLED
2026-05-20 15:20:52 | INFO     | chunking.providers.character_splitter | DEBUG logging ENABLED
2026-05-20 15:20:52 | INFO     | chunking.providers.recursive_splitter | DEBUG logging ENABLED
2026-05-20 15:20:52 | INFO     | chunking.providers.semantic_splitter | DEBUG logging ENABLED
2026-05-20 15:20:52 | INFO     | chunking.factory | Creating chunker: SentenceChunker
2026-05-20 15:20:52 | INFO     | chunking.factory | Chunker initialized successfully: SentenceChunker
2026-05-20 15:20:52 | INFO     | chunking.providers.sentence_splitter | Initializing SentenceChunker
2026-05-20 15:20:52 | INFO     | chunking.providers.sentence_splitter | Starting sentence chunking for 2 document(s)
2026-05-20 15:21:00 | INFO     | chunking.providers.sentence_splitter | Sentence chunking completed successfully
2026-05-20 15:21:00 | INFO     | embedding.providers.openai_embedder | DEBUG logging ENABLED
2026-05-20 15:21:00 | INFO     | embedding.providers.azure_openai_embedder | DEBUG logging ENABLED
2026-05-20 15:21:00 | INFO     | embedding.providers.bedrock_embedder | DEBUG logging ENABLED
2026-05-20 15:21:00 | INFO     | embedding.providers.google_vertex_embedder | DEBUG logging ENABLED
2026-05-20 15:21:00 | INFO     | embedding.providers.cohere_embedder | DEBUG logging ENABLED
2026-05-20 15:21:00 | INFO     | embedding.providers.voyage_embedder | DEBUG logging ENABLED
2026-05-20 15:21:00 | INFO     | embedding.providers.jina_embedder | DEBUG logging ENABLED
2026-05-20 15:21:00 | INFO     | embedding.providers.huggingface_embedder | DEBUG logging ENABLED
2026-05-20 15:21:00 | INFO     | embedding.providers.sentence_transformer_embedder | DEBUG logging ENABLED
2026-05-20 15:21:00 | INFO     | embedding.providers.instructor_embedder | DEBUG logging ENABLED
2026-05-20 15:21:00 | INFO     | embedding.providers.fastembed_embedder | DEBUG logging ENABLED
2026-05-20 15:21:00 | INFO     | embedding.providers.ollama_embedder | DEBUG logging ENABLED
2026-05-20 15:21:00 | INFO     | embedding.providers.splade_embedder | DEBUG logging ENABLED
2026-05-20 15:21:00 | ERROR    | app | Ingestion pipeline execution failed
Traceback (most recent call last):
  File "D:\OneDrive - REDINGTON\Work\Code\RAG\s1_rag_engine\onboarding_api\app.py", line 289, in create_tenant
    run_pipeline(config)
    ~~~~~~~~~~~~^^^^^^^^
  File "D:\OneDrive - REDINGTON\Work\Code\RAG\s1_rag_engine\onboarding_api\main.py", line 332, in run_pipeline
    index = build_vector_index(nodes, config)
  File "D:\OneDrive - REDINGTON\Work\Code\RAG\s1_rag_engine\onboarding_api\main.py", line 247, in build_vector_index
    embedder = EmbeddingFactory.create(config)
  File "D:\OneDrive - REDINGTON\Work\Code\RAG\s1_rag_engine\onboarding_api\embedding\factory.py", line 87, in create
    embedder_class = _import_class(_REGISTRY[provider])
  File "D:\OneDrive - REDINGTON\Work\Code\RAG\s1_rag_engine\onboarding_api\embedding\factory.py", line 46, in _import_class
    module = importlib.import_module(module_path)
  File "C:\Users\kamalesh.saksoft\AppData\Local\Programs\Python\Python313\Lib\importlib\__init__.py", line 88, in import_module
    return _bootstrap._gcd_import(name[level:], package, level)
           ~~~~~~~~~~~~~~~~~~~~~~^^^^^^^^^^^^^^^^^^^^^^^^^^^^^^
  File "<frozen importlib._bootstrap>", line 1387, in _gcd_import
  File "<frozen importlib._bootstrap>", line 1360, in _find_and_load
  File "<frozen importlib._bootstrap>", line 1310, in _find_and_load_unlocked
  File "<frozen importlib._bootstrap>", line 488, in _call_with_frames_removed
  File "<frozen importlib._bootstrap>", line 1387, in _gcd_import
  File "<frozen importlib._bootstrap>", line 1360, in _find_and_load
  File "<frozen importlib._bootstrap>", line 1331, in _find_and_load_unlocked
  File "<frozen importlib._bootstrap>", line 935, in _load_unlocked
  File "<frozen importlib._bootstrap_external>", line 1023, in exec_module
  File "<frozen importlib._bootstrap>", line 488, in _call_with_frames_removed
  File "D:\OneDrive - REDINGTON\Work\Code\RAG\s1_rag_engine\onboarding_api\embedding\providers\__init__.py", line 13, in <module>
    from embedding.providers.splade_embedder import SpladeEmbedder
ImportError: cannot import name 'SpladeEmbedder' from 'embedding.providers.splade_embedder' (D:\OneDrive - REDINGTON\Work\Code\RAG\s1_rag_engine\onboarding_api\embedding\providers\splade_embedder.py)
2026-05-20 15:24:37 | INFO     | app | DEBUG logging ENABLED
2026-05-20 15:24:38 | INFO     | db.database | DEBUG logging ENABLED
2026-05-20 15:24:38 | INFO     | db.database | Loading database configuration
2026-05-20 15:24:38 | INFO     | db.database | Creating SQLAlchemy engine
2026-05-20 15:24:38 | INFO     | db.crud | DEBUG logging ENABLED
2026-05-20 15:24:38 | INFO     | auth.security | DEBUG logging ENABLED
2026-05-20 15:24:38 | INFO     | source.factory | DEBUG logging ENABLED
2026-05-20 15:24:38 | INFO     | chunking.factory | DEBUG logging ENABLED
2026-05-20 15:24:40 | INFO     | embedding.factory | DEBUG logging ENABLED
2026-05-20 15:24:40 | INFO     | extractors.factory | DEBUG logging ENABLED
2026-05-20 15:24:40 | INFO     | extractors.pdf_extractor | DEBUG logging ENABLED
2026-05-20 15:24:41 | INFO     | extractors.excel_extractor | DEBUG logging ENABLED
2026-05-20 15:24:41 | INFO     | extractors.word_extractor | DEBUG logging ENABLED
2026-05-20 15:24:41 | INFO     | extractors.ppt_extractor | DEBUG logging ENABLED
2026-05-20 15:24:41 | INFO     | extractors.image_extractor | DEBUG logging ENABLED
2026-05-20 15:24:41 | INFO     | vector_store.factory | DEBUG logging ENABLED
2026-05-20 15:24:41 | INFO     | extractors.ocr_config | DEBUG logging ENABLED
2026-05-20 15:24:41 | INFO     | extractors.ocr_config | Configuring Tesseract OCR
2026-05-20 15:24:41 | INFO     | extractors.ocr_config | Tesseract path configured: D:\Tesseract\tesseract.exe
2026-05-20 15:24:41 | INFO     | app | Starting Onboarding API
2026-05-20 15:24:41 | INFO     | app | Initializing database
2026-05-20 15:24:41 | INFO     | db.database | Initializing database tables
2026-05-20 15:24:41 | INFO     | db.database | Database tables initialized successfully
2026-05-20 15:24:41 | INFO     | app | Database initialized successfully
2026-05-20 15:24:41 | INFO     | app | Tenant config directory ready: tenant_configs
2026-05-20 15:24:41 | INFO     | app | RAG ENGINE ONBOARDING API STARTED
2026-05-20 15:24:43 | INFO     | app | DEBUG logging ENABLED
2026-05-20 15:24:44 | INFO     | db.database | DEBUG logging ENABLED
2026-05-20 15:24:44 | INFO     | db.database | Loading database configuration
2026-05-20 15:24:44 | INFO     | db.database | Creating SQLAlchemy engine
2026-05-20 15:24:44 | INFO     | db.crud | DEBUG logging ENABLED
2026-05-20 15:24:44 | INFO     | auth.security | DEBUG logging ENABLED
2026-05-20 15:24:44 | INFO     | source.factory | DEBUG logging ENABLED
2026-05-20 15:24:44 | INFO     | chunking.factory | DEBUG logging ENABLED
2026-05-20 15:24:45 | INFO     | embedding.factory | DEBUG logging ENABLED
2026-05-20 15:24:45 | INFO     | extractors.factory | DEBUG logging ENABLED
2026-05-20 15:24:45 | INFO     | extractors.pdf_extractor | DEBUG logging ENABLED
2026-05-20 15:24:46 | INFO     | extractors.excel_extractor | DEBUG logging ENABLED
2026-05-20 15:24:46 | INFO     | extractors.word_extractor | DEBUG logging ENABLED
2026-05-20 15:24:46 | INFO     | extractors.ppt_extractor | DEBUG logging ENABLED
2026-05-20 15:24:46 | INFO     | extractors.image_extractor | DEBUG logging ENABLED
2026-05-20 15:24:46 | INFO     | vector_store.factory | DEBUG logging ENABLED
2026-05-20 15:24:46 | INFO     | extractors.ocr_config | DEBUG logging ENABLED
2026-05-20 15:24:46 | INFO     | extractors.ocr_config | Configuring Tesseract OCR
2026-05-20 15:24:46 | INFO     | extractors.ocr_config | Tesseract path configured: D:\Tesseract\tesseract.exe
2026-05-20 15:24:46 | INFO     | app | Starting Onboarding API
2026-05-20 15:24:46 | INFO     | app | Initializing database
2026-05-20 15:24:46 | INFO     | db.database | Initializing database tables
2026-05-20 15:24:46 | INFO     | db.database | Database tables initialized successfully
2026-05-20 15:24:46 | INFO     | app | Database initialized successfully
2026-05-20 15:24:46 | INFO     | app | Tenant config directory ready: tenant_configs
2026-05-20 15:24:46 | INFO     | app | RAG ENGINE ONBOARDING API STARTED
2026-05-20 15:24:51 | INFO     | app | DEBUG logging ENABLED
2026-05-20 15:24:51 | INFO     | db.database | DEBUG logging ENABLED
2026-05-20 15:24:51 | INFO     | db.database | Loading database configuration
2026-05-20 15:24:51 | INFO     | db.database | Creating SQLAlchemy engine
2026-05-20 15:24:51 | INFO     | db.crud | DEBUG logging ENABLED
2026-05-20 15:24:52 | INFO     | auth.security | DEBUG logging ENABLED
2026-05-20 15:24:52 | INFO     | source.factory | DEBUG logging ENABLED
2026-05-20 15:24:52 | INFO     | chunking.factory | DEBUG logging ENABLED
2026-05-20 15:24:53 | INFO     | embedding.factory | DEBUG logging ENABLED
2026-05-20 15:24:53 | INFO     | extractors.factory | DEBUG logging ENABLED
2026-05-20 15:24:53 | INFO     | extractors.pdf_extractor | DEBUG logging ENABLED
2026-05-20 15:24:53 | INFO     | extractors.excel_extractor | DEBUG logging ENABLED
2026-05-20 15:24:53 | INFO     | extractors.word_extractor | DEBUG logging ENABLED
2026-05-20 15:24:54 | INFO     | extractors.ppt_extractor | DEBUG logging ENABLED
2026-05-20 15:24:54 | INFO     | extractors.image_extractor | DEBUG logging ENABLED
2026-05-20 15:24:54 | INFO     | vector_store.factory | DEBUG logging ENABLED
2026-05-20 15:24:54 | INFO     | extractors.ocr_config | DEBUG logging ENABLED
2026-05-20 15:24:54 | INFO     | extractors.ocr_config | Configuring Tesseract OCR
2026-05-20 15:24:54 | INFO     | extractors.ocr_config | Tesseract path configured: D:\Tesseract\tesseract.exe
2026-05-20 15:24:54 | INFO     | app | Starting Onboarding API
2026-05-20 15:24:54 | INFO     | app | Initializing database
2026-05-20 15:24:54 | INFO     | db.database | Initializing database tables
2026-05-20 15:24:54 | INFO     | db.database | Database tables initialized successfully
2026-05-20 15:24:54 | INFO     | app | Database initialized successfully
2026-05-20 15:24:54 | INFO     | app | Tenant config directory ready: tenant_configs
2026-05-20 15:24:54 | INFO     | app | RAG ENGINE ONBOARDING API STARTED
2026-05-20 15:24:55 | INFO     | app | DEBUG logging ENABLED
2026-05-20 15:24:55 | INFO     | db.database | DEBUG logging ENABLED
2026-05-20 15:24:55 | INFO     | db.database | Loading database configuration
2026-05-20 15:24:55 | INFO     | db.database | Creating SQLAlchemy engine
2026-05-20 15:24:55 | INFO     | db.crud | DEBUG logging ENABLED
2026-05-20 15:24:55 | INFO     | auth.security | DEBUG logging ENABLED
2026-05-20 15:24:55 | INFO     | source.factory | DEBUG logging ENABLED
2026-05-20 15:24:55 | INFO     | chunking.factory | DEBUG logging ENABLED
2026-05-20 15:24:56 | INFO     | embedding.factory | DEBUG logging ENABLED
2026-05-20 15:24:56 | INFO     | extractors.factory | DEBUG logging ENABLED
2026-05-20 15:24:56 | INFO     | extractors.pdf_extractor | DEBUG logging ENABLED
2026-05-20 15:24:57 | INFO     | extractors.excel_extractor | DEBUG logging ENABLED
2026-05-20 15:24:57 | INFO     | extractors.word_extractor | DEBUG logging ENABLED
2026-05-20 15:24:57 | INFO     | extractors.ppt_extractor | DEBUG logging ENABLED
2026-05-20 15:24:57 | INFO     | extractors.image_extractor | DEBUG logging ENABLED
2026-05-20 15:24:57 | INFO     | vector_store.factory | DEBUG logging ENABLED
2026-05-20 15:24:57 | INFO     | extractors.ocr_config | DEBUG logging ENABLED
2026-05-20 15:24:57 | INFO     | extractors.ocr_config | Configuring Tesseract OCR
2026-05-20 15:24:57 | INFO     | extractors.ocr_config | Tesseract path configured: D:\Tesseract\tesseract.exe
2026-05-20 15:24:57 | INFO     | app | Starting Onboarding API
2026-05-20 15:24:57 | INFO     | app | Initializing database
2026-05-20 15:24:57 | INFO     | db.database | Initializing database tables
2026-05-20 15:24:57 | INFO     | db.database | Database tables initialized successfully
2026-05-20 15:24:57 | INFO     | app | Database initialized successfully
2026-05-20 15:24:57 | INFO     | app | Tenant config directory ready: tenant_configs
2026-05-20 15:24:57 | INFO     | app | RAG ENGINE ONBOARDING API STARTED
2026-05-20 15:25:21 | INFO     | app | Tenant creation request received
2026-05-20 15:25:21 | INFO     | app | Validating bearer token
2026-05-20 15:25:21 | INFO     | auth.security | Validating bearer token
2026-05-20 15:25:21 | INFO     | auth.security | Bearer token validated successfully
2026-05-20 15:25:21 | INFO     | app | Bearer token validated successfully
2026-05-20 15:25:21 | INFO     | app | Uploaded file received: config.yaml
2026-05-20 15:25:21 | INFO     | app | Reading uploaded YAML file
2026-05-20 15:25:21 | INFO     | app | YAML parsed successfully
2026-05-20 15:25:21 | INFO     | app | Validating tenant configuration section
2026-05-20 15:25:21 | INFO     | app | Processing tenant: redington-ecommerce-14
2026-05-20 15:25:21 | INFO     | app | Tenant config saved: tenant_configs\redington-ecommerce-14-config.yaml
2026-05-20 15:25:21 | INFO     | app | Generated tenant PKID: redington-ecommerce-14
2026-05-20 15:25:21 | INFO     | app | Checking existing tenant: redington-ecommerce-14
2026-05-20 15:25:21 | INFO     | db.crud | Fetching tenant by PKID: redington-ecommerce-14
2026-05-20 15:25:21 | INFO     | db.crud | Tenant found: redington-ecommerce-14
2026-05-20 15:25:21 | WARNING  | app | Duplicate tenant detected: redington-ecommerce-14
2026-05-20 15:25:35 | INFO     | app | Tenant creation request received
2026-05-20 15:25:35 | INFO     | app | Validating bearer token
2026-05-20 15:25:35 | INFO     | auth.security | Validating bearer token
2026-05-20 15:25:35 | INFO     | auth.security | Bearer token validated successfully
2026-05-20 15:25:35 | INFO     | app | Bearer token validated successfully
2026-05-20 15:25:35 | INFO     | app | Uploaded file received: config.yaml
2026-05-20 15:25:35 | INFO     | app | Reading uploaded YAML file
2026-05-20 15:25:35 | INFO     | app | YAML parsed successfully
2026-05-20 15:25:35 | INFO     | app | Validating tenant configuration section
2026-05-20 15:25:35 | INFO     | app | Processing tenant: redington-ecommerce-15
2026-05-20 15:25:35 | INFO     | app | Tenant config saved: tenant_configs\redington-ecommerce-15-config.yaml
2026-05-20 15:25:35 | INFO     | app | Generated tenant PKID: redington-ecommerce-15
2026-05-20 15:25:35 | INFO     | app | Checking existing tenant: redington-ecommerce-15
2026-05-20 15:25:35 | INFO     | db.crud | Fetching tenant by PKID: redington-ecommerce-15
2026-05-20 15:25:35 | WARNING  | db.crud | Tenant not found: redington-ecommerce-15
2026-05-20 15:25:35 | INFO     | app | Creating tenant in database: redington-ecommerce-15
2026-05-20 15:25:35 | INFO     | db.crud | Creating tenant: redington-ecommerce-15
2026-05-20 15:25:35 | INFO     | db.crud | Tenant created successfully: redington-ecommerce-15
2026-05-20 15:25:35 | INFO     | db.crud | Saving tenant configuration YAML
2026-05-20 15:25:35 | INFO     | db.crud | Tenant configuration saved successfully
2026-05-20 15:25:35 | INFO     | app | Tenant created successfully: redington-ecommerce-15
2026-05-20 15:25:35 | INFO     | auth.security | Generating strong password
2026-05-20 15:25:35 | INFO     | auth.security | Strong password generated successfully
2026-05-20 15:25:35 | INFO     | app | Generated credentials for tenant: redington-ecommerce-15
2026-05-20 15:25:35 | INFO     | db.crud | Checking if user exists: redington-ecommerce-15
2026-05-20 15:25:35 | INFO     | db.crud | User existence result for redington-ecommerce-15: False
2026-05-20 15:25:35 | INFO     | app | Creating tenant user: redington-ecommerce-15
2026-05-20 15:25:35 | INFO     | db.crud | Creating user for tenant: redington-ecommerce-15
2026-05-20 15:25:35 | INFO     | db.crud | Role ID not provided, fetching default tenant role
2026-05-20 15:25:35 | INFO     | db.crud | Fetching tenant role
2026-05-20 15:25:35 | INFO     | auth.security | Generating password hash
2026-05-20 15:25:36 | INFO     | auth.security | Password hash generated successfully
2026-05-20 15:25:36 | INFO     | db.crud | User created successfully: redington-ecommerce-15
2026-05-20 15:25:36 | INFO     | app | Tenant user created successfully: redington-ecommerce-15
2026-05-20 15:25:36 | INFO     | app | Triggering ingestion pipeline for tenant: redington-ecommerce-15
2026-05-20 15:25:36 | INFO     | app | Pipeline configuration loaded successfully
2026-05-20 15:25:36 | INFO     | source.s3_source | DEBUG logging ENABLED
2026-05-20 15:25:36 | INFO     | source.factory | Creating source provider: S3Source
2026-05-20 15:25:36 | INFO     | source.s3_source | Initializing S3 source
2026-05-20 15:25:37 | INFO     | source.s3_source | S3 client initialized successfully
2026-05-20 15:25:37 | INFO     | source.s3_source | Starting S3 file download process
2026-05-20 15:25:39 | INFO     | source.s3_source | Downloading S3 object: raw-documents/CrowdStrike Scheduled Search.pdf
2026-05-20 15:25:41 | INFO     | source.s3_source | S3 file downloaded successfully: data\CrowdStrike Scheduled Search.pdf
2026-05-20 15:25:41 | INFO     | source.s3_source | Downloading S3 object: raw-documents/cortex-xdr.pdf
2026-05-20 15:25:42 | INFO     | source.s3_source | S3 file downloaded successfully: data\cortex-xdr.pdf
2026-05-20 15:25:42 | INFO     | source.s3_source | Downloading S3 object: raw-documents/test.pdf
2026-05-20 15:25:42 | INFO     | source.s3_source | S3 file downloaded successfully: data\test.pdf
2026-05-20 15:25:42 | INFO     | source.s3_source | Total S3 files downloaded: 3
2026-05-20 15:25:42 | INFO     | extractors.factory | Selecting extractor for file type: pdf
2026-05-20 15:25:42 | INFO     | extractors.factory | Extractor selected: PDFExtractor
2026-05-20 15:25:42 | INFO     | extractors.pdf_extractor | Starting PDF extraction: data\CrowdStrike Scheduled Search.pdf
2026-05-20 15:25:42 | INFO     | extractors.pdf_extractor | Attempting PyMuPDF text extraction
2026-05-20 15:25:45 | INFO     | extractors.pdf_extractor | PyMuPDF extraction completed
2026-05-20 15:25:45 | WARNING  | extractors.pdf_extractor | OCR fallback triggered for PDF: data\CrowdStrike Scheduled Search.pdf
2026-05-20 15:25:45 | ERROR    | extractors.pdf_extractor | OCR extraction failed
Traceback (most recent call last):
  File "D:\OneDrive - REDINGTON\Work\Code\RAG\s1_rag_engine\onboarding_api\venv\Lib\site-packages\pdf2image\pdf2image.py", line 581, in pdfinfo_from_path
    proc = Popen(command, env=env, stdout=PIPE, stderr=PIPE)
  File "C:\Users\kamalesh.saksoft\AppData\Local\Programs\Python\Python313\Lib\subprocess.py", line 1039, in __init__
    self._execute_child(args, executable, preexec_fn, close_fds,
    ~~~~~~~~~~~~~~~~~~~^^^^^^^^^^^^^^^^^^^^^^^^^^^^^^^^^^^^^^^^^
                        pass_fds, cwd, env,
                        ^^^^^^^^^^^^^^^^^^^
    ...<5 lines>...
                        gid, gids, uid, umask,
                        ^^^^^^^^^^^^^^^^^^^^^^
                        start_new_session, process_group)
                        ^^^^^^^^^^^^^^^^^^^^^^^^^^^^^^^^^
  File "C:\Users\kamalesh.saksoft\AppData\Local\Programs\Python\Python313\Lib\subprocess.py", line 1554, in _execute_child
    hp, ht, pid, tid = _winapi.CreateProcess(executable, args,
                       ~~~~~~~~~~~~~~~~~~~~~^^^^^^^^^^^^^^^^^^
                             # no special security
                             ^^^^^^^^^^^^^^^^^^^^^
    ...<4 lines>...
                             cwd,
                             ^^^^
                             startupinfo)
                             ^^^^^^^^^^^^
FileNotFoundError: [WinError 2] The system cannot find the file specified

During handling of the above exception, another exception occurred:

Traceback (most recent call last):
  File "D:\OneDrive - REDINGTON\Work\Code\RAG\s1_rag_engine\onboarding_api\extractors\pdf_extractor.py", line 61, in extract_text
    images = convert_from_path(file_path)
  File "D:\OneDrive - REDINGTON\Work\Code\RAG\s1_rag_engine\onboarding_api\venv\Lib\site-packages\pdf2image\pdf2image.py", line 127, in convert_from_path
    page_count = pdfinfo_from_path(
                 ~~~~~~~~~~~~~~~~~^
        pdf_path, userpw, ownerpw, poppler_path=poppler_path
        ^^^^^^^^^^^^^^^^^^^^^^^^^^^^^^^^^^^^^^^^^^^^^^^^^^^^
    )["Pages"]
    ^
  File "D:\OneDrive - REDINGTON\Work\Code\RAG\s1_rag_engine\onboarding_api\venv\Lib\site-packages\pdf2image\pdf2image.py", line 607, in pdfinfo_from_path
    raise PDFInfoNotInstalledError(
        "Unable to get page count. Is poppler installed and in PATH?"
    )
pdf2image.exceptions.PDFInfoNotInstalledError: Unable to get page count. Is poppler installed and in PATH?
2026-05-20 15:25:45 | INFO     | extractors.pdf_extractor | PDF extraction completed successfully: data\CrowdStrike Scheduled Search.pdf
2026-05-20 15:25:45 | INFO     | extractors.factory | Selecting extractor for file type: pdf
2026-05-20 15:25:45 | INFO     | extractors.factory | Extractor selected: PDFExtractor
2026-05-20 15:25:45 | INFO     | extractors.pdf_extractor | Starting PDF extraction: data\cortex-xdr.pdf
2026-05-20 15:25:45 | INFO     | extractors.pdf_extractor | Attempting PyMuPDF text extraction
2026-05-20 15:25:46 | INFO     | extractors.pdf_extractor | PyMuPDF extraction completed
2026-05-20 15:25:46 | INFO     | extractors.pdf_extractor | PDF extraction completed successfully: data\cortex-xdr.pdf
2026-05-20 15:25:46 | INFO     | extractors.factory | Selecting extractor for file type: pdf
2026-05-20 15:25:46 | INFO     | extractors.factory | Extractor selected: PDFExtractor
2026-05-20 15:25:46 | INFO     | extractors.pdf_extractor | Starting PDF extraction: data\test.pdf
2026-05-20 15:25:46 | INFO     | extractors.pdf_extractor | Attempting PyMuPDF text extraction
2026-05-20 15:25:46 | INFO     | extractors.pdf_extractor | PyMuPDF extraction completed
2026-05-20 15:25:46 | INFO     | extractors.pdf_extractor | PDF extraction completed successfully: data\test.pdf
2026-05-20 15:25:46 | INFO     | chunking.factory | Initializing chunking configuration
2026-05-20 15:25:46 | INFO     | chunking.factory | Chunking strategy selected: sentence
2026-05-20 15:25:46 | INFO     | chunking.providers.sentence_splitter | DEBUG logging ENABLED
2026-05-20 15:25:46 | INFO     | chunking.providers.token_splitter | DEBUG logging ENABLED
2026-05-20 15:25:46 | INFO     | chunking.providers.character_splitter | DEBUG logging ENABLED
2026-05-20 15:25:46 | INFO     | chunking.providers.recursive_splitter | DEBUG logging ENABLED
2026-05-20 15:25:46 | INFO     | chunking.providers.semantic_splitter | DEBUG logging ENABLED
2026-05-20 15:25:46 | INFO     | chunking.factory | Creating chunker: SentenceChunker
2026-05-20 15:25:46 | INFO     | chunking.factory | Chunker initialized successfully: SentenceChunker
2026-05-20 15:25:46 | INFO     | chunking.providers.sentence_splitter | Initializing SentenceChunker
2026-05-20 15:25:46 | INFO     | chunking.providers.sentence_splitter | Starting sentence chunking for 2 document(s)
2026-05-20 15:25:53 | INFO     | chunking.providers.sentence_splitter | Sentence chunking completed successfully
2026-05-20 15:25:53 | INFO     | embedding.providers.openai_embedder | DEBUG logging ENABLED
2026-05-20 15:25:53 | INFO     | embedding.providers.azure_openai_embedder | DEBUG logging ENABLED
2026-05-20 15:25:53 | INFO     | embedding.providers.bedrock_embedder | DEBUG logging ENABLED
2026-05-20 15:25:53 | INFO     | embedding.providers.google_vertex_embedder | DEBUG logging ENABLED
2026-05-20 15:25:53 | INFO     | embedding.providers.cohere_embedder | DEBUG logging ENABLED
2026-05-20 15:25:53 | INFO     | embedding.providers.voyage_embedder | DEBUG logging ENABLED
2026-05-20 15:25:53 | INFO     | embedding.providers.jina_embedder | DEBUG logging ENABLED
2026-05-20 15:25:53 | INFO     | embedding.providers.huggingface_embedder | DEBUG logging ENABLED
2026-05-20 15:25:53 | INFO     | embedding.providers.sentence_transformer_embedder | DEBUG logging ENABLED
2026-05-20 15:25:53 | INFO     | embedding.providers.instructor_embedder | DEBUG logging ENABLED
2026-05-20 15:25:53 | INFO     | embedding.providers.fastembed_embedder | DEBUG logging ENABLED
2026-05-20 15:25:53 | INFO     | embedding.providers.ollama_embedder | DEBUG logging ENABLED
2026-05-20 15:25:53 | INFO     | embedding.providers.splade_embedder | DEBUG logging ENABLED
2026-05-20 15:25:53 | INFO     | embedding.providers.bm25_embedder | DEBUG logging ENABLED
2026-05-20 15:25:53 | INFO     | embedding.providers.colbert_embedder | DEBUG logging ENABLED
2026-05-20 15:25:53 | INFO     | embedding.providers.hybrid_embedder | DEBUG logging ENABLED
2026-05-20 15:25:53 | INFO     | embedding.providers.clip_embedder | DEBUG logging ENABLED
2026-05-20 15:25:53 | INFO     | embedding.providers.openai_embedder | Initializing OpenAIEmbedder
2026-05-20 15:25:57 | INFO     | embedding.providers.openai_embedder | OpenAI client initialized successfully
2026-05-20 15:25:57 | INFO     | vector_store.factory | Vector store provider selected: s3_vector
2026-05-20 15:25:57 | INFO     | vector_store.stores.pgvector_store | DEBUG logging ENABLED
2026-05-20 15:25:57 | INFO     | vector_store.stores.pinecone_store | DEBUG logging ENABLED
2026-05-20 15:25:57 | INFO     | vector_store.stores.weaviate_store | DEBUG logging ENABLED
2026-05-20 15:25:57 | INFO     | vector_store.stores.qdrant_store | DEBUG logging ENABLED
2026-05-20 15:25:57 | INFO     | vector_store.stores.milvus_store | DEBUG logging ENABLED
2026-05-20 15:25:57 | INFO     | vector_store.stores.elasticsearch_store | DEBUG logging ENABLED
2026-05-20 15:25:57 | INFO     | vector_store.stores.faiss_store | DEBUG logging ENABLED
2026-05-20 15:25:57 | INFO     | vector_store.stores.chroma_store | DEBUG logging ENABLED
2026-05-20 15:25:57 | INFO     | vector_store.stores.s3_vector_store | DEBUG logging ENABLED
2026-05-20 15:25:57 | INFO     | vector_store.stores.gcs_vector_store | DEBUG logging ENABLED
2026-05-20 15:25:57 | INFO     | vector_store.stores.azure_blob_vector_store | DEBUG logging ENABLED
2026-05-20 15:25:57 | INFO     | vector_store.factory | Creating vector store: S3VectorStore
2026-05-20 15:25:57 | INFO     | vector_store.stores.s3_vector_store | Initializing S3VectorStore
2026-05-20 15:25:57 | INFO     | vector_store.stores.s3_vector_store | Connecting to S3 Vector Store
2026-05-20 15:25:57 | INFO     | vector_store.stores.s3_vector_store | Connected to S3 Vector Store successfully
2026-05-20 15:26:03 | INFO     | app | Ingestion pipeline executed successfully
2026-05-20 15:26:03 | INFO     | app | Tenant onboarding completed successfully: redington-ecommerce-15
2026-05-20 15:26:14 | INFO     | app | Tenant creation request received
2026-05-20 15:26:14 | INFO     | app | Validating bearer token
2026-05-20 15:26:14 | INFO     | auth.security | Validating bearer token
2026-05-20 15:26:14 | INFO     | auth.security | Bearer token validated successfully
2026-05-20 15:26:14 | INFO     | app | Bearer token validated successfully
2026-05-20 15:26:14 | INFO     | app | Uploaded file received: config.yaml
2026-05-20 15:26:14 | INFO     | app | Reading uploaded YAML file
2026-05-20 15:26:14 | INFO     | app | YAML parsed successfully
2026-05-20 15:26:14 | INFO     | app | Validating tenant configuration section
2026-05-20 15:26:14 | INFO     | app | Processing tenant: redington-ecommerce-15
2026-05-20 15:26:14 | INFO     | app | Tenant config saved: tenant_configs\redington-ecommerce-15-config.yaml
2026-05-20 15:26:14 | INFO     | app | Generated tenant PKID: redington-ecommerce-15
2026-05-20 15:26:14 | INFO     | app | Checking existing tenant: redington-ecommerce-15
2026-05-20 15:26:14 | INFO     | db.crud | Fetching tenant by PKID: redington-ecommerce-15
2026-05-20 15:26:14 | INFO     | db.crud | Tenant found: redington-ecommerce-15
2026-05-20 15:26:14 | WARNING  | app | Duplicate tenant detected: redington-ecommerce-15
2026-05-20 15:26:55 | INFO     | app | DEBUG logging ENABLED
2026-05-20 15:26:56 | INFO     | db.database | DEBUG logging ENABLED
2026-05-20 15:26:56 | INFO     | db.database | Loading database configuration
2026-05-20 15:26:56 | INFO     | db.database | Creating SQLAlchemy engine
2026-05-20 15:26:56 | INFO     | db.crud | DEBUG logging ENABLED
2026-05-20 15:26:56 | INFO     | auth.security | DEBUG logging ENABLED
2026-05-20 15:26:56 | INFO     | source.factory | DEBUG logging ENABLED
2026-05-20 15:26:56 | INFO     | chunking.factory | DEBUG logging ENABLED
2026-05-20 15:26:58 | INFO     | embedding.factory | DEBUG logging ENABLED
2026-05-20 15:26:58 | INFO     | extractors.factory | DEBUG logging ENABLED
2026-05-20 15:26:58 | INFO     | extractors.pdf_extractor | DEBUG logging ENABLED
2026-05-20 15:26:59 | INFO     | extractors.excel_extractor | DEBUG logging ENABLED
2026-05-20 15:26:59 | INFO     | extractors.word_extractor | DEBUG logging ENABLED
2026-05-20 15:26:59 | INFO     | extractors.ppt_extractor | DEBUG logging ENABLED
2026-05-20 15:26:59 | INFO     | extractors.image_extractor | DEBUG logging ENABLED
2026-05-20 15:26:59 | INFO     | vector_store.factory | DEBUG logging ENABLED
2026-05-20 15:26:59 | INFO     | extractors.ocr_config | DEBUG logging ENABLED
2026-05-20 15:26:59 | INFO     | extractors.ocr_config | Configuring Tesseract OCR
2026-05-20 15:26:59 | INFO     | extractors.ocr_config | Tesseract path configured: D:\Tesseract\tesseract.exe
2026-05-20 15:26:59 | INFO     | app | Starting Onboarding API
2026-05-20 15:26:59 | INFO     | app | Initializing database
2026-05-20 15:26:59 | INFO     | db.database | Initializing database tables
2026-05-20 15:26:59 | INFO     | db.database | Database tables initialized successfully
2026-05-20 15:26:59 | INFO     | app | Database initialized successfully
2026-05-20 15:26:59 | INFO     | app | Tenant config directory ready: tenant_configs
2026-05-20 15:27:00 | INFO     | app | DEBUG logging ENABLED
2026-05-20 15:27:00 | INFO     | db.database | DEBUG logging ENABLED
2026-05-20 15:27:00 | INFO     | db.database | Loading database configuration
2026-05-20 15:27:00 | INFO     | db.database | Creating SQLAlchemy engine
2026-05-20 15:27:00 | INFO     | db.crud | DEBUG logging ENABLED
2026-05-20 15:27:00 | INFO     | auth.security | DEBUG logging ENABLED
2026-05-20 15:27:00 | INFO     | source.factory | DEBUG logging ENABLED
2026-05-20 15:27:00 | INFO     | chunking.factory | DEBUG logging ENABLED
2026-05-20 15:27:01 | INFO     | embedding.factory | DEBUG logging ENABLED
2026-05-20 15:27:01 | INFO     | extractors.factory | DEBUG logging ENABLED
2026-05-20 15:27:01 | INFO     | extractors.pdf_extractor | DEBUG logging ENABLED
2026-05-20 15:27:02 | INFO     | extractors.excel_extractor | DEBUG logging ENABLED
2026-05-20 15:27:02 | INFO     | extractors.word_extractor | DEBUG logging ENABLED
2026-05-20 15:27:02 | INFO     | extractors.ppt_extractor | DEBUG logging ENABLED
2026-05-20 15:27:02 | INFO     | extractors.image_extractor | DEBUG logging ENABLED
2026-05-20 15:27:02 | INFO     | vector_store.factory | DEBUG logging ENABLED
2026-05-20 15:27:02 | INFO     | extractors.ocr_config | DEBUG logging ENABLED
2026-05-20 15:27:02 | INFO     | extractors.ocr_config | Configuring Tesseract OCR
2026-05-20 15:27:02 | INFO     | extractors.ocr_config | Tesseract path configured: D:\Tesseract\tesseract.exe
2026-05-20 15:27:02 | INFO     | app | Starting Onboarding API
2026-05-20 15:27:02 | INFO     | app | Initializing database
2026-05-20 15:27:02 | INFO     | db.database | Initializing database tables
2026-05-20 15:27:02 | INFO     | db.database | Database tables initialized successfully
2026-05-20 15:27:02 | INFO     | app | Database initialized successfully
2026-05-20 15:27:02 | INFO     | app | Tenant config directory ready: tenant_configs
2026-05-20 15:27:02 | INFO     | app | RAG ENGINE ONBOARDING API STARTED
2026-05-20 15:27:13 | INFO     | app | Health check endpoint accessed
2026-05-20 15:27:18 | INFO     | app | Tenant creation request received
2026-05-20 15:27:18 | INFO     | app | Validating bearer token
2026-05-20 15:27:18 | INFO     | auth.security | Validating bearer token
2026-05-20 15:27:18 | INFO     | auth.security | Bearer token validated successfully
2026-05-20 15:27:18 | INFO     | app | Bearer token validated successfully
2026-05-20 15:27:18 | INFO     | app | Uploaded file received: config.yaml
2026-05-20 15:27:18 | INFO     | app | Reading uploaded YAML file
2026-05-20 15:27:18 | INFO     | app | YAML parsed successfully
2026-05-20 15:27:18 | INFO     | app | Validating tenant configuration section
2026-05-20 15:27:18 | INFO     | app | Processing tenant: redington-ecommerce-16
2026-05-20 15:27:18 | INFO     | app | Tenant config saved: tenant_configs\redington-ecommerce-16-config.yaml
2026-05-20 15:27:18 | INFO     | app | Generated tenant PKID: redington-ecommerce-16
2026-05-20 15:27:18 | INFO     | app | Checking existing tenant: redington-ecommerce-16
2026-05-20 15:27:18 | INFO     | db.crud | Fetching tenant by PKID: redington-ecommerce-16
2026-05-20 15:27:18 | WARNING  | db.crud | Tenant not found: redington-ecommerce-16
2026-05-20 15:27:18 | INFO     | app | Creating tenant in database: redington-ecommerce-16
2026-05-20 15:27:18 | INFO     | db.crud | Creating tenant: redington-ecommerce-16
2026-05-20 15:27:18 | INFO     | db.crud | Tenant created successfully: redington-ecommerce-16
2026-05-20 15:27:18 | INFO     | db.crud | Saving tenant configuration YAML
2026-05-20 15:27:18 | INFO     | db.crud | Tenant configuration saved successfully
2026-05-20 15:27:18 | INFO     | app | Tenant created successfully: redington-ecommerce-16
2026-05-20 15:27:18 | INFO     | auth.security | Generating strong password
2026-05-20 15:27:18 | INFO     | auth.security | Strong password generated successfully
2026-05-20 15:27:18 | INFO     | app | Generated credentials for tenant: redington-ecommerce-16
2026-05-20 15:27:18 | INFO     | db.crud | Checking if user exists: redington-ecommerce-16
2026-05-20 15:27:18 | INFO     | db.crud | User existence result for redington-ecommerce-16: False
2026-05-20 15:27:18 | INFO     | app | Creating tenant user: redington-ecommerce-16
2026-05-20 15:27:18 | INFO     | db.crud | Creating user for tenant: redington-ecommerce-16
2026-05-20 15:27:18 | INFO     | db.crud | Role ID not provided, fetching default tenant role
2026-05-20 15:27:18 | INFO     | db.crud | Fetching tenant role
2026-05-20 15:27:18 | INFO     | auth.security | Generating password hash
2026-05-20 15:27:19 | INFO     | auth.security | Password hash generated successfully
2026-05-20 15:27:19 | INFO     | db.crud | User created successfully: redington-ecommerce-16
2026-05-20 15:27:19 | INFO     | app | Tenant user created successfully: redington-ecommerce-16
2026-05-20 15:27:19 | INFO     | app | Triggering ingestion pipeline for tenant: redington-ecommerce-16
2026-05-20 15:27:19 | INFO     | app | Pipeline configuration loaded successfully
2026-05-20 15:27:19 | INFO     | source.s3_source | DEBUG logging ENABLED
2026-05-20 15:27:19 | INFO     | source.factory | Creating source provider: S3Source
2026-05-20 15:27:19 | INFO     | source.s3_source | Initializing S3 source
2026-05-20 15:27:20 | INFO     | source.s3_source | S3 client initialized successfully
2026-05-20 15:27:20 | INFO     | source.s3_source | Starting S3 file download process
2026-05-20 15:27:22 | INFO     | source.s3_source | Downloading S3 object: raw-documents/CrowdStrike Scheduled Search.pdf
2026-05-20 15:27:24 | INFO     | source.s3_source | S3 file downloaded successfully: data\CrowdStrike Scheduled Search.pdf
2026-05-20 15:27:24 | INFO     | source.s3_source | Downloading S3 object: raw-documents/cortex-xdr.pdf
2026-05-20 15:27:24 | INFO     | source.s3_source | S3 file downloaded successfully: data\cortex-xdr.pdf
2026-05-20 15:27:24 | INFO     | source.s3_source | Downloading S3 object: raw-documents/test.pdf
2026-05-20 15:27:25 | INFO     | source.s3_source | S3 file downloaded successfully: data\test.pdf
2026-05-20 15:27:25 | INFO     | source.s3_source | Total S3 files downloaded: 3
2026-05-20 15:27:25 | INFO     | extractors.factory | Selecting extractor for file type: pdf
2026-05-20 15:27:25 | INFO     | extractors.factory | Extractor selected: PDFExtractor
2026-05-20 15:27:25 | INFO     | extractors.pdf_extractor | Starting PDF extraction: data\CrowdStrike Scheduled Search.pdf
2026-05-20 15:27:25 | INFO     | extractors.pdf_extractor | Attempting PyMuPDF text extraction
2026-05-20 15:27:28 | INFO     | extractors.pdf_extractor | PyMuPDF extraction completed
2026-05-20 15:27:28 | WARNING  | extractors.pdf_extractor | OCR fallback triggered for PDF: data\CrowdStrike Scheduled Search.pdf
2026-05-20 15:27:28 | ERROR    | extractors.pdf_extractor | OCR extraction failed
Traceback (most recent call last):
  File "D:\OneDrive - REDINGTON\Work\Code\RAG\s1_rag_engine\onboarding_api\venv\Lib\site-packages\pdf2image\pdf2image.py", line 581, in pdfinfo_from_path
    proc = Popen(command, env=env, stdout=PIPE, stderr=PIPE)
  File "C:\Users\kamalesh.saksoft\AppData\Local\Programs\Python\Python313\Lib\subprocess.py", line 1039, in __init__
    self._execute_child(args, executable, preexec_fn, close_fds,
    ~~~~~~~~~~~~~~~~~~~^^^^^^^^^^^^^^^^^^^^^^^^^^^^^^^^^^^^^^^^^
                        pass_fds, cwd, env,
                        ^^^^^^^^^^^^^^^^^^^
    ...<5 lines>...
                        gid, gids, uid, umask,
                        ^^^^^^^^^^^^^^^^^^^^^^
                        start_new_session, process_group)
                        ^^^^^^^^^^^^^^^^^^^^^^^^^^^^^^^^^
  File "C:\Users\kamalesh.saksoft\AppData\Local\Programs\Python\Python313\Lib\subprocess.py", line 1554, in _execute_child
    hp, ht, pid, tid = _winapi.CreateProcess(executable, args,
                       ~~~~~~~~~~~~~~~~~~~~~^^^^^^^^^^^^^^^^^^
                             # no special security
                             ^^^^^^^^^^^^^^^^^^^^^
    ...<4 lines>...
                             cwd,
                             ^^^^
                             startupinfo)
                             ^^^^^^^^^^^^
FileNotFoundError: [WinError 2] The system cannot find the file specified

During handling of the above exception, another exception occurred:

Traceback (most recent call last):
  File "D:\OneDrive - REDINGTON\Work\Code\RAG\s1_rag_engine\onboarding_api\extractors\pdf_extractor.py", line 61, in extract_text
    images = convert_from_path(file_path)
  File "D:\OneDrive - REDINGTON\Work\Code\RAG\s1_rag_engine\onboarding_api\venv\Lib\site-packages\pdf2image\pdf2image.py", line 127, in convert_from_path
    page_count = pdfinfo_from_path(
                 ~~~~~~~~~~~~~~~~~^
        pdf_path, userpw, ownerpw, poppler_path=poppler_path
        ^^^^^^^^^^^^^^^^^^^^^^^^^^^^^^^^^^^^^^^^^^^^^^^^^^^^
    )["Pages"]
    ^
  File "D:\OneDrive - REDINGTON\Work\Code\RAG\s1_rag_engine\onboarding_api\venv\Lib\site-packages\pdf2image\pdf2image.py", line 607, in pdfinfo_from_path
    raise PDFInfoNotInstalledError(
        "Unable to get page count. Is poppler installed and in PATH?"
    )
pdf2image.exceptions.PDFInfoNotInstalledError: Unable to get page count. Is poppler installed and in PATH?
2026-05-20 15:27:28 | INFO     | extractors.pdf_extractor | PDF extraction completed successfully: data\CrowdStrike Scheduled Search.pdf
2026-05-20 15:27:28 | INFO     | extractors.factory | Selecting extractor for file type: pdf
2026-05-20 15:27:28 | INFO     | extractors.factory | Extractor selected: PDFExtractor
2026-05-20 15:27:28 | INFO     | extractors.pdf_extractor | Starting PDF extraction: data\cortex-xdr.pdf
2026-05-20 15:27:28 | INFO     | extractors.pdf_extractor | Attempting PyMuPDF text extraction
2026-05-20 15:27:28 | INFO     | extractors.pdf_extractor | PyMuPDF extraction completed
2026-05-20 15:27:28 | INFO     | extractors.pdf_extractor | PDF extraction completed successfully: data\cortex-xdr.pdf
2026-05-20 15:27:28 | INFO     | extractors.factory | Selecting extractor for file type: pdf
2026-05-20 15:27:28 | INFO     | extractors.factory | Extractor selected: PDFExtractor
2026-05-20 15:27:28 | INFO     | extractors.pdf_extractor | Starting PDF extraction: data\test.pdf
2026-05-20 15:27:28 | INFO     | extractors.pdf_extractor | Attempting PyMuPDF text extraction
2026-05-20 15:27:28 | INFO     | extractors.pdf_extractor | PyMuPDF extraction completed
2026-05-20 15:27:28 | INFO     | extractors.pdf_extractor | PDF extraction completed successfully: data\test.pdf
2026-05-20 15:27:28 | INFO     | chunking.factory | Initializing chunking configuration
2026-05-20 15:27:28 | INFO     | chunking.factory | Chunking strategy selected: sentence
2026-05-20 15:27:29 | INFO     | chunking.providers.sentence_splitter | DEBUG logging ENABLED
2026-05-20 15:27:29 | INFO     | chunking.providers.token_splitter | DEBUG logging ENABLED
2026-05-20 15:27:29 | INFO     | chunking.providers.character_splitter | DEBUG logging ENABLED
2026-05-20 15:27:29 | INFO     | chunking.providers.recursive_splitter | DEBUG logging ENABLED
2026-05-20 15:27:29 | INFO     | chunking.providers.semantic_splitter | DEBUG logging ENABLED
2026-05-20 15:27:29 | INFO     | chunking.factory | Creating chunker: SentenceChunker
2026-05-20 15:27:29 | INFO     | chunking.factory | Chunker initialized successfully: SentenceChunker
2026-05-20 15:27:29 | INFO     | chunking.providers.sentence_splitter | Initializing SentenceChunker
2026-05-20 15:27:29 | INFO     | chunking.providers.sentence_splitter | Starting sentence chunking for 2 document(s)
2026-05-20 15:27:35 | INFO     | chunking.providers.sentence_splitter | Sentence chunking completed successfully
2026-05-20 15:27:35 | INFO     | embedding.providers.openai_embedder | DEBUG logging ENABLED
2026-05-20 15:27:35 | INFO     | embedding.providers.azure_openai_embedder | DEBUG logging ENABLED
2026-05-20 15:27:35 | INFO     | embedding.providers.bedrock_embedder | DEBUG logging ENABLED
2026-05-20 15:27:35 | INFO     | embedding.providers.google_vertex_embedder | DEBUG logging ENABLED
2026-05-20 15:27:35 | INFO     | embedding.providers.cohere_embedder | DEBUG logging ENABLED
2026-05-20 15:27:35 | INFO     | embedding.providers.voyage_embedder | DEBUG logging ENABLED
2026-05-20 15:27:35 | INFO     | embedding.providers.jina_embedder | DEBUG logging ENABLED
2026-05-20 15:27:35 | INFO     | embedding.providers.huggingface_embedder | DEBUG logging ENABLED
2026-05-20 15:27:35 | INFO     | embedding.providers.sentence_transformer_embedder | DEBUG logging ENABLED
2026-05-20 15:27:35 | INFO     | embedding.providers.instructor_embedder | DEBUG logging ENABLED
2026-05-20 15:27:35 | INFO     | embedding.providers.fastembed_embedder | DEBUG logging ENABLED
2026-05-20 15:27:35 | INFO     | embedding.providers.ollama_embedder | DEBUG logging ENABLED
2026-05-20 15:27:35 | INFO     | embedding.providers.splade_embedder | DEBUG logging ENABLED
2026-05-20 15:27:35 | INFO     | embedding.providers.bm25_embedder | DEBUG logging ENABLED
2026-05-20 15:27:35 | INFO     | embedding.providers.colbert_embedder | DEBUG logging ENABLED
2026-05-20 15:27:35 | INFO     | embedding.providers.hybrid_embedder | DEBUG logging ENABLED
2026-05-20 15:27:35 | INFO     | embedding.providers.clip_embedder | DEBUG logging ENABLED
2026-05-20 15:27:35 | INFO     | embedding.providers.openai_embedder | Initializing OpenAIEmbedder
2026-05-20 15:27:39 | INFO     | embedding.providers.openai_embedder | OpenAI client initialized successfully
2026-05-20 15:27:39 | INFO     | vector_store.factory | Vector store provider selected: s3_vector
2026-05-20 15:27:39 | INFO     | vector_store.stores.pgvector_store | DEBUG logging ENABLED
2026-05-20 15:27:39 | INFO     | vector_store.stores.pinecone_store | DEBUG logging ENABLED
2026-05-20 15:27:39 | INFO     | vector_store.stores.weaviate_store | DEBUG logging ENABLED
2026-05-20 15:27:39 | INFO     | vector_store.stores.qdrant_store | DEBUG logging ENABLED
2026-05-20 15:27:39 | INFO     | vector_store.stores.milvus_store | DEBUG logging ENABLED
2026-05-20 15:27:39 | INFO     | vector_store.stores.elasticsearch_store | DEBUG logging ENABLED
2026-05-20 15:27:39 | INFO     | vector_store.stores.faiss_store | DEBUG logging ENABLED
2026-05-20 15:27:39 | INFO     | vector_store.stores.chroma_store | DEBUG logging ENABLED
2026-05-20 15:27:39 | INFO     | vector_store.stores.s3_vector_store | DEBUG logging ENABLED
2026-05-20 15:27:39 | INFO     | vector_store.stores.gcs_vector_store | DEBUG logging ENABLED
2026-05-20 15:27:39 | INFO     | vector_store.stores.azure_blob_vector_store | DEBUG logging ENABLED
2026-05-20 15:27:39 | INFO     | vector_store.factory | Creating vector store: S3VectorStore
2026-05-20 15:27:39 | INFO     | vector_store.stores.s3_vector_store | Initializing S3VectorStore
2026-05-20 15:27:39 | INFO     | vector_store.stores.s3_vector_store | Connecting to S3 Vector Store
2026-05-20 15:27:39 | INFO     | vector_store.stores.s3_vector_store | Connected to S3 Vector Store successfully
2026-05-20 15:27:45 | INFO     | app | Ingestion pipeline executed successfully
2026-05-20 15:27:45 | INFO     | app | Tenant onboarding completed successfully: redington-ecommerce-16
2026-05-20 15:31:51 | INFO     | app | DEBUG logging ENABLED
2026-05-20 15:31:52 | INFO     | db.database | DEBUG logging ENABLED
2026-05-20 15:31:52 | INFO     | db.database | Loading database configuration
2026-05-20 15:31:52 | INFO     | db.database | Creating SQLAlchemy engine
2026-05-20 15:31:52 | INFO     | db.crud | DEBUG logging ENABLED
2026-05-20 15:31:52 | INFO     | auth.security | DEBUG logging ENABLED
2026-05-20 15:31:52 | INFO     | source.factory | DEBUG logging ENABLED
2026-05-20 15:31:52 | INFO     | chunking.factory | DEBUG logging ENABLED
2026-05-20 15:31:54 | INFO     | embedding.factory | DEBUG logging ENABLED
2026-05-20 15:31:54 | INFO     | extractors.factory | DEBUG logging ENABLED
2026-05-20 15:31:54 | INFO     | extractors.pdf_extractor | DEBUG logging ENABLED
2026-05-20 15:31:55 | INFO     | extractors.excel_extractor | DEBUG logging ENABLED
2026-05-20 15:31:55 | INFO     | extractors.word_extractor | DEBUG logging ENABLED
2026-05-20 15:31:55 | INFO     | extractors.ppt_extractor | DEBUG logging ENABLED
2026-05-20 15:31:56 | INFO     | extractors.image_extractor | DEBUG logging ENABLED
2026-05-20 15:31:56 | INFO     | vector_store.factory | DEBUG logging ENABLED
2026-05-20 15:31:56 | INFO     | extractors.ocr_config | DEBUG logging ENABLED
2026-05-20 15:31:56 | INFO     | extractors.ocr_config | Configuring Tesseract OCR
2026-05-20 15:31:56 | INFO     | extractors.ocr_config | Tesseract path configured: D:\Tesseract\tesseract.exe
2026-05-20 15:31:56 | INFO     | app | Starting Onboarding API
2026-05-20 15:31:56 | INFO     | app | Initializing database
2026-05-20 15:31:56 | INFO     | db.database | Initializing database tables
2026-05-20 15:31:56 | INFO     | db.database | Database tables initialized successfully
2026-05-20 15:31:56 | INFO     | app | Database initialized successfully
2026-05-20 15:31:56 | INFO     | app | Tenant config directory ready: tenant_configs
2026-05-20 15:31:56 | INFO     | app | RAG ENGINE ONBOARDING API STARTED
2026-05-20 15:31:57 | INFO     | app | DEBUG logging ENABLED
2026-05-20 15:31:58 | INFO     | db.database | DEBUG logging ENABLED
2026-05-20 15:31:58 | INFO     | db.database | Loading database configuration
2026-05-20 15:31:58 | INFO     | db.database | Creating SQLAlchemy engine
2026-05-20 15:31:58 | INFO     | db.crud | DEBUG logging ENABLED
2026-05-20 15:31:58 | INFO     | auth.security | DEBUG logging ENABLED
2026-05-20 15:31:58 | INFO     | source.factory | DEBUG logging ENABLED
2026-05-20 15:31:58 | INFO     | chunking.factory | DEBUG logging ENABLED
2026-05-20 15:31:59 | INFO     | embedding.factory | DEBUG logging ENABLED
2026-05-20 15:31:59 | INFO     | extractors.factory | DEBUG logging ENABLED
2026-05-20 15:31:59 | INFO     | extractors.pdf_extractor | DEBUG logging ENABLED
2026-05-20 15:32:01 | INFO     | extractors.excel_extractor | DEBUG logging ENABLED
2026-05-20 15:32:01 | INFO     | extractors.word_extractor | DEBUG logging ENABLED
2026-05-20 15:32:01 | INFO     | extractors.ppt_extractor | DEBUG logging ENABLED
2026-05-20 15:32:01 | INFO     | extractors.image_extractor | DEBUG logging ENABLED
2026-05-20 15:32:01 | INFO     | vector_store.factory | DEBUG logging ENABLED
2026-05-20 15:32:01 | INFO     | extractors.ocr_config | DEBUG logging ENABLED
2026-05-20 15:32:01 | INFO     | extractors.ocr_config | Configuring Tesseract OCR
2026-05-20 15:32:01 | INFO     | extractors.ocr_config | Tesseract path configured: D:\Tesseract\tesseract.exe
2026-05-20 15:32:01 | INFO     | app | Starting Onboarding API
2026-05-20 15:32:01 | INFO     | app | Initializing database
2026-05-20 15:32:01 | INFO     | db.database | Initializing database tables
2026-05-20 15:32:01 | INFO     | db.database | Database tables initialized successfully
2026-05-20 15:32:01 | INFO     | app | Database initialized successfully
2026-05-20 15:32:01 | INFO     | app | Tenant config directory ready: tenant_configs
2026-05-20 15:32:01 | INFO     | app | RAG ENGINE ONBOARDING API STARTED
2026-05-20 15:32:03 | INFO     | app | DEBUG logging ENABLED
2026-05-20 15:32:04 | INFO     | db.database | DEBUG logging ENABLED
2026-05-20 15:32:04 | INFO     | db.database | Loading database configuration
2026-05-20 15:32:04 | INFO     | db.database | Creating SQLAlchemy engine
2026-05-20 15:32:04 | INFO     | db.crud | DEBUG logging ENABLED
2026-05-20 15:32:04 | INFO     | auth.security | DEBUG logging ENABLED
2026-05-20 15:32:04 | INFO     | source.factory | DEBUG logging ENABLED
2026-05-20 15:32:04 | INFO     | chunking.factory | DEBUG logging ENABLED
2026-05-20 15:32:07 | INFO     | embedding.factory | DEBUG logging ENABLED
2026-05-20 15:32:07 | INFO     | extractors.factory | DEBUG logging ENABLED
2026-05-20 15:32:07 | INFO     | extractors.pdf_extractor | DEBUG logging ENABLED
2026-05-20 15:32:08 | INFO     | extractors.excel_extractor | DEBUG logging ENABLED
2026-05-20 15:32:08 | INFO     | extractors.word_extractor | DEBUG logging ENABLED
2026-05-20 15:32:08 | INFO     | extractors.ppt_extractor | DEBUG logging ENABLED
2026-05-20 15:32:08 | INFO     | extractors.image_extractor | DEBUG logging ENABLED
2026-05-20 15:32:08 | INFO     | vector_store.factory | DEBUG logging ENABLED
2026-05-20 15:32:08 | INFO     | extractors.ocr_config | DEBUG logging ENABLED
2026-05-20 15:32:08 | INFO     | extractors.ocr_config | Configuring Tesseract OCR
2026-05-20 15:32:08 | INFO     | extractors.ocr_config | Tesseract path configured: D:\Tesseract\tesseract.exe
2026-05-20 15:32:08 | INFO     | app | Starting Onboarding API
2026-05-20 15:32:08 | INFO     | app | Initializing database
2026-05-20 15:32:08 | INFO     | db.database | Initializing database tables
2026-05-20 15:32:08 | INFO     | db.database | Database tables initialized successfully
2026-05-20 15:32:08 | INFO     | app | Database initialized successfully
2026-05-20 15:32:08 | INFO     | app | Tenant config directory ready: tenant_configs
2026-05-20 15:32:08 | INFO     | app | RAG ENGINE ONBOARDING API STARTED
2026-05-20 15:32:32 | INFO     | app | DEBUG logging ENABLED
2026-05-20 15:32:32 | INFO     | db.database | DEBUG logging ENABLED
2026-05-20 15:32:32 | INFO     | db.database | Loading database configuration
2026-05-20 15:32:32 | INFO     | db.database | Creating SQLAlchemy engine
2026-05-20 15:32:32 | INFO     | db.crud | DEBUG logging ENABLED
2026-05-20 15:32:33 | INFO     | auth.security | DEBUG logging ENABLED
2026-05-20 15:32:33 | INFO     | source.factory | DEBUG logging ENABLED
2026-05-20 15:32:33 | INFO     | chunking.factory | DEBUG logging ENABLED
2026-05-20 15:32:34 | INFO     | embedding.factory | DEBUG logging ENABLED
2026-05-20 15:32:34 | INFO     | extractors.factory | DEBUG logging ENABLED
2026-05-20 15:32:34 | INFO     | extractors.pdf_extractor | DEBUG logging ENABLED
2026-05-20 15:32:35 | INFO     | extractors.excel_extractor | DEBUG logging ENABLED
2026-05-20 15:32:35 | INFO     | extractors.word_extractor | DEBUG logging ENABLED
2026-05-20 15:32:35 | INFO     | extractors.ppt_extractor | DEBUG logging ENABLED
2026-05-20 15:32:35 | INFO     | extractors.image_extractor | DEBUG logging ENABLED
2026-05-20 15:32:35 | INFO     | vector_store.factory | DEBUG logging ENABLED
2026-05-20 15:32:35 | INFO     | extractors.ocr_config | DEBUG logging ENABLED
2026-05-20 15:32:35 | INFO     | extractors.ocr_config | Configuring Tesseract OCR
2026-05-20 15:32:35 | INFO     | extractors.ocr_config | Tesseract path configured: D:\Tesseract\tesseract.exe
2026-05-20 15:32:35 | INFO     | app | Starting Onboarding API
2026-05-20 15:32:35 | INFO     | app | Initializing database
2026-05-20 15:32:35 | INFO     | db.database | Initializing database tables
2026-05-20 15:32:35 | INFO     | db.database | Database tables initialized successfully
2026-05-20 15:32:35 | INFO     | app | Database initialized successfully
2026-05-20 15:32:35 | INFO     | app | Tenant config directory ready: tenant_configs
2026-05-20 15:32:35 | INFO     | app | RAG ENGINE ONBOARDING API STARTED
2026-05-20 15:32:36 | INFO     | app | DEBUG logging ENABLED
2026-05-20 15:32:37 | INFO     | db.database | DEBUG logging ENABLED
2026-05-20 15:32:37 | INFO     | db.database | Loading database configuration
2026-05-20 15:32:37 | INFO     | db.database | Creating SQLAlchemy engine
2026-05-20 15:32:37 | INFO     | db.crud | DEBUG logging ENABLED
2026-05-20 15:32:37 | INFO     | auth.security | DEBUG logging ENABLED
2026-05-20 15:32:37 | INFO     | source.factory | DEBUG logging ENABLED
2026-05-20 15:32:37 | INFO     | chunking.factory | DEBUG logging ENABLED
2026-05-20 15:32:38 | INFO     | embedding.factory | DEBUG logging ENABLED
2026-05-20 15:32:39 | INFO     | extractors.factory | DEBUG logging ENABLED
2026-05-20 15:32:39 | INFO     | extractors.pdf_extractor | DEBUG logging ENABLED
2026-05-20 15:32:39 | INFO     | extractors.excel_extractor | DEBUG logging ENABLED
2026-05-20 15:32:39 | INFO     | extractors.word_extractor | DEBUG logging ENABLED
2026-05-20 15:32:39 | INFO     | extractors.ppt_extractor | DEBUG logging ENABLED
2026-05-20 15:32:39 | INFO     | extractors.image_extractor | DEBUG logging ENABLED
2026-05-20 15:32:39 | INFO     | vector_store.factory | DEBUG logging ENABLED
2026-05-20 15:32:39 | INFO     | extractors.ocr_config | DEBUG logging ENABLED
2026-05-20 15:32:39 | INFO     | extractors.ocr_config | Configuring Tesseract OCR
2026-05-20 15:32:39 | INFO     | extractors.ocr_config | Tesseract path configured: D:\Tesseract\tesseract.exe
2026-05-20 15:32:39 | INFO     | app | Starting Onboarding API
2026-05-20 15:32:39 | INFO     | app | Initializing database
2026-05-20 15:32:39 | INFO     | db.database | Initializing database tables
2026-05-20 15:32:39 | INFO     | db.database | Database tables initialized successfully
2026-05-20 15:32:39 | INFO     | app | Database initialized successfully
2026-05-20 15:32:39 | INFO     | app | Tenant config directory ready: tenant_configs
2026-05-20 15:32:39 | INFO     | app | RAG ENGINE ONBOARDING API STARTED
2026-05-20 15:32:41 | INFO     | app | DEBUG logging ENABLED
2026-05-20 15:32:41 | INFO     | db.database | DEBUG logging ENABLED
2026-05-20 15:32:41 | INFO     | db.database | Loading database configuration
2026-05-20 15:32:41 | INFO     | db.database | Creating SQLAlchemy engine
2026-05-20 15:32:41 | INFO     | db.crud | DEBUG logging ENABLED
2026-05-20 15:32:41 | INFO     | auth.security | DEBUG logging ENABLED
2026-05-20 15:32:41 | INFO     | source.factory | DEBUG logging ENABLED
2026-05-20 15:32:41 | INFO     | chunking.factory | DEBUG logging ENABLED
2026-05-20 15:32:43 | INFO     | embedding.factory | DEBUG logging ENABLED
2026-05-20 15:32:43 | INFO     | extractors.factory | DEBUG logging ENABLED
2026-05-20 15:32:43 | INFO     | extractors.pdf_extractor | DEBUG logging ENABLED
2026-05-20 15:32:43 | INFO     | extractors.excel_extractor | DEBUG logging ENABLED
2026-05-20 15:32:43 | INFO     | extractors.word_extractor | DEBUG logging ENABLED
2026-05-20 15:32:43 | INFO     | extractors.ppt_extractor | DEBUG logging ENABLED
2026-05-20 15:32:43 | INFO     | extractors.image_extractor | DEBUG logging ENABLED
2026-05-20 15:32:43 | INFO     | vector_store.factory | DEBUG logging ENABLED
2026-05-20 15:32:43 | INFO     | extractors.ocr_config | DEBUG logging ENABLED
2026-05-20 15:32:43 | INFO     | extractors.ocr_config | Configuring Tesseract OCR
2026-05-20 15:32:43 | INFO     | extractors.ocr_config | Tesseract path configured: D:\Tesseract\tesseract.exe
2026-05-20 15:32:43 | INFO     | app | Starting Onboarding API
2026-05-20 15:32:43 | INFO     | app | Initializing database
2026-05-20 15:32:43 | INFO     | db.database | Initializing database tables
2026-05-20 15:32:43 | INFO     | db.database | Database tables initialized successfully
2026-05-20 15:32:43 | INFO     | app | Database initialized successfully
2026-05-20 15:32:43 | INFO     | app | Tenant config directory ready: tenant_configs
2026-05-20 15:32:43 | INFO     | app | RAG ENGINE ONBOARDING API STARTED
2026-05-20 15:32:44 | INFO     | app | DEBUG logging ENABLED
2026-05-20 15:32:45 | INFO     | db.database | DEBUG logging ENABLED
2026-05-20 15:32:45 | INFO     | db.database | Loading database configuration
2026-05-20 15:32:45 | INFO     | db.database | Creating SQLAlchemy engine
2026-05-20 15:32:45 | INFO     | db.crud | DEBUG logging ENABLED
2026-05-20 15:32:45 | INFO     | auth.security | DEBUG logging ENABLED
2026-05-20 15:32:45 | INFO     | source.factory | DEBUG logging ENABLED
2026-05-20 15:32:45 | INFO     | chunking.factory | DEBUG logging ENABLED
2026-05-20 15:32:46 | INFO     | embedding.factory | DEBUG logging ENABLED
2026-05-20 15:32:46 | INFO     | extractors.factory | DEBUG logging ENABLED
2026-05-20 15:32:46 | INFO     | extractors.pdf_extractor | DEBUG logging ENABLED
2026-05-20 15:32:47 | INFO     | extractors.excel_extractor | DEBUG logging ENABLED
2026-05-20 15:32:47 | INFO     | extractors.word_extractor | DEBUG logging ENABLED
2026-05-20 15:32:47 | INFO     | extractors.ppt_extractor | DEBUG logging ENABLED
2026-05-20 15:32:48 | INFO     | extractors.image_extractor | DEBUG logging ENABLED
2026-05-20 15:32:48 | INFO     | vector_store.factory | DEBUG logging ENABLED
2026-05-20 15:32:48 | INFO     | extractors.ocr_config | DEBUG logging ENABLED
2026-05-20 15:32:48 | INFO     | extractors.ocr_config | Configuring Tesseract OCR
2026-05-20 15:32:48 | INFO     | extractors.ocr_config | Tesseract path configured: D:\Tesseract\tesseract.exe
2026-05-20 15:32:48 | INFO     | app | Starting Onboarding API
2026-05-20 15:32:48 | INFO     | app | Initializing database
2026-05-20 15:32:48 | INFO     | db.database | Initializing database tables
2026-05-20 15:32:48 | INFO     | db.database | Database tables initialized successfully
2026-05-20 15:32:48 | INFO     | app | Database initialized successfully
2026-05-20 15:32:48 | INFO     | app | Tenant config directory ready: tenant_configs
2026-05-20 15:32:48 | INFO     | app | RAG ENGINE ONBOARDING API STARTED
2026-05-20 15:32:48 | INFO     | app | DEBUG logging ENABLED
2026-05-20 15:32:49 | INFO     | db.database | DEBUG logging ENABLED
2026-05-20 15:32:49 | INFO     | db.database | Loading database configuration
2026-05-20 15:32:49 | INFO     | db.database | Creating SQLAlchemy engine
2026-05-20 15:32:49 | INFO     | db.crud | DEBUG logging ENABLED
2026-05-20 15:32:49 | INFO     | auth.security | DEBUG logging ENABLED
2026-05-20 15:32:49 | INFO     | source.factory | DEBUG logging ENABLED
2026-05-20 15:32:49 | INFO     | chunking.factory | DEBUG logging ENABLED
2026-05-20 15:32:50 | INFO     | embedding.factory | DEBUG logging ENABLED
2026-05-20 15:32:50 | INFO     | extractors.factory | DEBUG logging ENABLED
2026-05-20 15:32:50 | INFO     | extractors.pdf_extractor | DEBUG logging ENABLED
2026-05-20 15:32:51 | INFO     | extractors.excel_extractor | DEBUG logging ENABLED
2026-05-20 15:32:51 | INFO     | extractors.word_extractor | DEBUG logging ENABLED
2026-05-20 15:32:51 | INFO     | extractors.ppt_extractor | DEBUG logging ENABLED
2026-05-20 15:32:51 | INFO     | extractors.image_extractor | DEBUG logging ENABLED
2026-05-20 15:32:51 | INFO     | vector_store.factory | DEBUG logging ENABLED
2026-05-20 15:32:51 | INFO     | extractors.ocr_config | DEBUG logging ENABLED
2026-05-20 15:32:51 | INFO     | extractors.ocr_config | Configuring Tesseract OCR
2026-05-20 15:32:51 | INFO     | extractors.ocr_config | Tesseract path configured: D:\Tesseract\tesseract.exe
2026-05-20 15:32:51 | INFO     | app | Starting Onboarding API
2026-05-20 15:32:51 | INFO     | app | Initializing database
2026-05-20 15:32:51 | INFO     | db.database | Initializing database tables
2026-05-20 15:32:51 | INFO     | db.database | Database tables initialized successfully
2026-05-20 15:32:51 | INFO     | app | Database initialized successfully
2026-05-20 15:32:51 | INFO     | app | Tenant config directory ready: tenant_configs
2026-05-20 15:32:51 | INFO     | app | RAG ENGINE ONBOARDING API STARTED
2026-05-20 15:32:52 | INFO     | app | DEBUG logging ENABLED
2026-05-20 15:32:53 | INFO     | db.database | DEBUG logging ENABLED
2026-05-20 15:32:53 | INFO     | db.database | Loading database configuration
2026-05-20 15:32:53 | INFO     | db.database | Creating SQLAlchemy engine
2026-05-20 15:32:53 | INFO     | db.crud | DEBUG logging ENABLED
2026-05-20 15:32:53 | INFO     | auth.security | DEBUG logging ENABLED
2026-05-20 15:32:53 | INFO     | source.factory | DEBUG logging ENABLED
2026-05-20 15:32:53 | INFO     | chunking.factory | DEBUG logging ENABLED
2026-05-20 15:32:54 | INFO     | embedding.factory | DEBUG logging ENABLED
2026-05-20 15:32:54 | INFO     | extractors.factory | DEBUG logging ENABLED
2026-05-20 15:32:54 | INFO     | extractors.pdf_extractor | DEBUG logging ENABLED
2026-05-20 15:32:55 | INFO     | extractors.excel_extractor | DEBUG logging ENABLED
2026-05-20 15:32:55 | INFO     | extractors.word_extractor | DEBUG logging ENABLED
2026-05-20 15:32:55 | INFO     | extractors.ppt_extractor | DEBUG logging ENABLED
2026-05-20 15:32:55 | INFO     | extractors.image_extractor | DEBUG logging ENABLED
2026-05-20 15:32:55 | INFO     | vector_store.factory | DEBUG logging ENABLED
2026-05-20 15:32:55 | INFO     | extractors.ocr_config | DEBUG logging ENABLED
2026-05-20 15:32:55 | INFO     | extractors.ocr_config | Configuring Tesseract OCR
2026-05-20 15:32:55 | INFO     | extractors.ocr_config | Tesseract path configured: D:\Tesseract\tesseract.exe
2026-05-20 15:32:55 | INFO     | app | Starting Onboarding API
2026-05-20 15:32:55 | INFO     | app | Initializing database
2026-05-20 15:32:55 | INFO     | db.database | Initializing database tables
2026-05-20 15:32:55 | INFO     | db.database | Database tables initialized successfully
2026-05-20 15:32:55 | INFO     | app | Database initialized successfully
2026-05-20 15:32:55 | INFO     | app | Tenant config directory ready: tenant_configs
2026-05-20 15:32:55 | INFO     | app | RAG ENGINE ONBOARDING API STARTED
2026-05-20 15:35:52 | INFO     | app | DEBUG logging ENABLED
2026-05-20 15:35:53 | INFO     | db.database | DEBUG logging ENABLED
2026-05-20 15:35:53 | INFO     | db.database | Loading database configuration
2026-05-20 15:35:53 | INFO     | db.database | Creating SQLAlchemy engine
2026-05-20 15:35:53 | INFO     | db.crud | DEBUG logging ENABLED
2026-05-20 15:35:53 | INFO     | auth.security | DEBUG logging ENABLED
2026-05-20 15:35:53 | INFO     | source.factory | DEBUG logging ENABLED
2026-05-20 15:35:53 | INFO     | chunking.factory | DEBUG logging ENABLED
2026-05-20 15:35:55 | INFO     | embedding.factory | DEBUG logging ENABLED
2026-05-20 15:35:55 | INFO     | extractors.factory | DEBUG logging ENABLED
2026-05-20 15:35:55 | INFO     | extractors.pdf_extractor | DEBUG logging ENABLED
2026-05-20 15:35:58 | INFO     | extractors.excel_extractor | DEBUG logging ENABLED
2026-05-20 15:35:58 | INFO     | extractors.word_extractor | DEBUG logging ENABLED
2026-05-20 15:35:59 | INFO     | extractors.ppt_extractor | DEBUG logging ENABLED
2026-05-20 15:35:59 | INFO     | extractors.image_extractor | DEBUG logging ENABLED
2026-05-20 15:35:59 | INFO     | vector_store.factory | DEBUG logging ENABLED
2026-05-20 15:35:59 | INFO     | extractors.ocr_config | DEBUG logging ENABLED
2026-05-20 15:35:59 | INFO     | extractors.ocr_config | Configuring Tesseract OCR
2026-05-20 15:35:59 | INFO     | extractors.ocr_config | Tesseract path configured: D:\Tesseract\tesseract.exe
2026-05-20 15:35:59 | INFO     | app | Starting Onboarding API
2026-05-20 15:35:59 | INFO     | app | Initializing database
2026-05-20 15:35:59 | INFO     | db.database | Initializing database tables
2026-05-20 15:35:59 | INFO     | db.database | Database tables initialized successfully
2026-05-20 15:35:59 | INFO     | app | Database initialized successfully
2026-05-20 15:35:59 | INFO     | app | Tenant config directory ready: tenant_configs
2026-05-20 15:35:59 | INFO     | app | DEBUG logging ENABLED
2026-05-20 15:36:00 | INFO     | db.database | DEBUG logging ENABLED
2026-05-20 15:36:00 | INFO     | db.database | Loading database configuration
2026-05-20 15:36:00 | INFO     | db.database | Creating SQLAlchemy engine
2026-05-20 15:36:00 | INFO     | db.crud | DEBUG logging ENABLED
2026-05-20 15:36:00 | INFO     | auth.security | DEBUG logging ENABLED
2026-05-20 15:36:00 | INFO     | source.factory | DEBUG logging ENABLED
2026-05-20 15:36:00 | INFO     | chunking.factory | DEBUG logging ENABLED
2026-05-20 15:36:01 | INFO     | embedding.factory | DEBUG logging ENABLED
2026-05-20 15:36:01 | INFO     | extractors.factory | DEBUG logging ENABLED
2026-05-20 15:36:01 | INFO     | extractors.pdf_extractor | DEBUG logging ENABLED
2026-05-20 15:36:02 | INFO     | extractors.excel_extractor | DEBUG logging ENABLED
2026-05-20 15:36:02 | INFO     | extractors.word_extractor | DEBUG logging ENABLED
2026-05-20 15:36:02 | INFO     | extractors.ppt_extractor | DEBUG logging ENABLED
2026-05-20 15:36:02 | INFO     | extractors.image_extractor | DEBUG logging ENABLED
2026-05-20 15:36:02 | INFO     | vector_store.factory | DEBUG logging ENABLED
2026-05-20 15:36:02 | INFO     | extractors.ocr_config | DEBUG logging ENABLED
2026-05-20 15:36:02 | INFO     | extractors.ocr_config | Configuring Tesseract OCR
2026-05-20 15:36:02 | INFO     | extractors.ocr_config | Tesseract path configured: D:\Tesseract\tesseract.exe
2026-05-20 15:36:02 | INFO     | app | Starting Onboarding API
2026-05-20 15:36:02 | INFO     | app | Initializing database
2026-05-20 15:36:02 | INFO     | db.database | Initializing database tables
2026-05-20 15:36:02 | INFO     | db.database | Database tables initialized successfully
2026-05-20 15:36:02 | INFO     | app | Database initialized successfully
2026-05-20 15:36:02 | INFO     | app | Tenant config directory ready: tenant_configs
2026-05-20 15:36:02 | INFO     | app | RAG ENGINE ONBOARDING API STARTED
2026-05-20 15:36:12 | INFO     | app | Health check endpoint accessed
2026-05-20 15:36:16 | INFO     | app | Tenant creation request received
2026-05-20 15:36:16 | INFO     | app | Validating bearer token
2026-05-20 15:36:16 | INFO     | auth.security | Validating bearer token
2026-05-20 15:36:16 | INFO     | auth.security | Bearer token validated successfully
2026-05-20 15:36:16 | INFO     | app | Bearer token validated successfully
2026-05-20 15:36:16 | INFO     | app | Uploaded file received: config.yaml
2026-05-20 15:36:16 | INFO     | app | Reading uploaded YAML file
2026-05-20 15:36:16 | INFO     | app | YAML parsed successfully
2026-05-20 15:36:16 | INFO     | app | Validating tenant configuration section
2026-05-20 15:36:16 | INFO     | app | Processing tenant: redington-ecommerce-17
2026-05-20 15:36:16 | INFO     | app | Tenant config saved: tenant_configs\redington-ecommerce-17-config.yaml
2026-05-20 15:36:16 | INFO     | app | Generated tenant PKID: redington-ecommerce-17
2026-05-20 15:36:16 | INFO     | app | Checking existing tenant: redington-ecommerce-17
2026-05-20 15:36:16 | INFO     | db.crud | Fetching tenant by PKID: redington-ecommerce-17
2026-05-20 15:36:17 | WARNING  | db.crud | Tenant not found: redington-ecommerce-17
2026-05-20 15:36:17 | INFO     | app | Creating tenant in database: redington-ecommerce-17
2026-05-20 15:36:17 | INFO     | db.crud | Creating tenant: redington-ecommerce-17
2026-05-20 15:36:17 | INFO     | db.crud | Tenant created successfully: redington-ecommerce-17
2026-05-20 15:36:17 | INFO     | db.crud | Saving tenant configuration YAML
2026-05-20 15:36:17 | INFO     | db.crud | Tenant configuration saved successfully
2026-05-20 15:36:17 | INFO     | app | Tenant created successfully: redington-ecommerce-17
2026-05-20 15:36:17 | INFO     | auth.security | Generating strong password
2026-05-20 15:36:17 | INFO     | auth.security | Strong password generated successfully
2026-05-20 15:36:17 | INFO     | app | Generated credentials for tenant: redington-ecommerce-17
2026-05-20 15:36:17 | INFO     | db.crud | Checking if user exists: redington-ecommerce-17
2026-05-20 15:36:17 | INFO     | db.crud | User existence result for redington-ecommerce-17: False
2026-05-20 15:36:17 | INFO     | app | Creating tenant user: redington-ecommerce-17
2026-05-20 15:36:17 | INFO     | db.crud | Creating user for tenant: redington-ecommerce-17
2026-05-20 15:36:17 | INFO     | db.crud | Role ID not provided, fetching default tenant role
2026-05-20 15:36:17 | INFO     | db.crud | Fetching tenant role
2026-05-20 15:36:17 | INFO     | auth.security | Generating password hash
2026-05-20 15:36:17 | INFO     | auth.security | Password hash generated successfully
2026-05-20 15:36:17 | INFO     | db.crud | User created successfully: redington-ecommerce-17
2026-05-20 15:36:17 | INFO     | app | Tenant user created successfully: redington-ecommerce-17
2026-05-20 15:36:17 | INFO     | app | Triggering ingestion pipeline for tenant: redington-ecommerce-17
2026-05-20 15:36:17 | INFO     | app | Pipeline configuration loaded successfully
2026-05-20 15:36:17 | INFO     | source.s3_source | DEBUG logging ENABLED
2026-05-20 15:36:18 | INFO     | source.factory | Creating source provider: S3Source
2026-05-20 15:36:18 | INFO     | source.s3_source | Initializing S3 source
2026-05-20 15:36:18 | INFO     | source.s3_source | S3 client initialized successfully
2026-05-20 15:36:18 | INFO     | source.s3_source | Starting S3 file download process
2026-05-20 15:36:20 | INFO     | source.s3_source | Downloading S3 object: raw-documents/CrowdStrike Scheduled Search.pdf
2026-05-20 15:36:21 | INFO     | source.s3_source | S3 file downloaded successfully: data\CrowdStrike Scheduled Search.pdf
2026-05-20 15:36:21 | INFO     | source.s3_source | Downloading S3 object: raw-documents/cortex-xdr.pdf
2026-05-20 15:36:21 | INFO     | source.s3_source | S3 file downloaded successfully: data\cortex-xdr.pdf
2026-05-20 15:36:21 | INFO     | source.s3_source | Downloading S3 object: raw-documents/test.pdf
2026-05-20 15:36:22 | INFO     | source.s3_source | S3 file downloaded successfully: data\test.pdf
2026-05-20 15:36:22 | INFO     | source.s3_source | Total S3 files downloaded: 3
2026-05-20 15:36:22 | INFO     | extractors.factory | Selecting extractor for file type: pdf
2026-05-20 15:36:22 | INFO     | extractors.factory | Extractor selected: PDFExtractor
2026-05-20 15:36:22 | INFO     | extractors.pdf_extractor | Starting PDF extraction: data\CrowdStrike Scheduled Search.pdf
2026-05-20 15:36:22 | INFO     | extractors.pdf_extractor | Attempting PyMuPDF text extraction
2026-05-20 15:36:23 | INFO     | extractors.pdf_extractor | PyMuPDF extraction completed
2026-05-20 15:36:23 | WARNING  | extractors.pdf_extractor | OCR fallback triggered for PDF: data\CrowdStrike Scheduled Search.pdf
2026-05-20 15:36:23 | ERROR    | extractors.pdf_extractor | OCR extraction failed
Traceback (most recent call last):
  File "D:\OneDrive - REDINGTON\Work\Code\RAG\s1_rag_engine\onboarding_api\venv\Lib\site-packages\pdf2image\pdf2image.py", line 581, in pdfinfo_from_path
    proc = Popen(command, env=env, stdout=PIPE, stderr=PIPE)
  File "C:\Users\kamalesh.saksoft\AppData\Local\Programs\Python\Python313\Lib\subprocess.py", line 1039, in __init__
    self._execute_child(args, executable, preexec_fn, close_fds,
    ~~~~~~~~~~~~~~~~~~~^^^^^^^^^^^^^^^^^^^^^^^^^^^^^^^^^^^^^^^^^
                        pass_fds, cwd, env,
                        ^^^^^^^^^^^^^^^^^^^
    ...<5 lines>...
                        gid, gids, uid, umask,
                        ^^^^^^^^^^^^^^^^^^^^^^
                        start_new_session, process_group)
                        ^^^^^^^^^^^^^^^^^^^^^^^^^^^^^^^^^
  File "C:\Users\kamalesh.saksoft\AppData\Local\Programs\Python\Python313\Lib\subprocess.py", line 1554, in _execute_child
    hp, ht, pid, tid = _winapi.CreateProcess(executable, args,
                       ~~~~~~~~~~~~~~~~~~~~~^^^^^^^^^^^^^^^^^^
                             # no special security
                             ^^^^^^^^^^^^^^^^^^^^^
    ...<4 lines>...
                             cwd,
                             ^^^^
                             startupinfo)
                             ^^^^^^^^^^^^
FileNotFoundError: [WinError 2] The system cannot find the file specified

During handling of the above exception, another exception occurred:

Traceback (most recent call last):
  File "D:\OneDrive - REDINGTON\Work\Code\RAG\s1_rag_engine\onboarding_api\extractors\pdf_extractor.py", line 61, in extract_text
    images = convert_from_path(file_path)
  File "D:\OneDrive - REDINGTON\Work\Code\RAG\s1_rag_engine\onboarding_api\venv\Lib\site-packages\pdf2image\pdf2image.py", line 127, in convert_from_path
    page_count = pdfinfo_from_path(
                 ~~~~~~~~~~~~~~~~~^
        pdf_path, userpw, ownerpw, poppler_path=poppler_path
        ^^^^^^^^^^^^^^^^^^^^^^^^^^^^^^^^^^^^^^^^^^^^^^^^^^^^
    )["Pages"]
    ^
  File "D:\OneDrive - REDINGTON\Work\Code\RAG\s1_rag_engine\onboarding_api\venv\Lib\site-packages\pdf2image\pdf2image.py", line 607, in pdfinfo_from_path
    raise PDFInfoNotInstalledError(
        "Unable to get page count. Is poppler installed and in PATH?"
    )
pdf2image.exceptions.PDFInfoNotInstalledError: Unable to get page count. Is poppler installed and in PATH?
2026-05-20 15:36:23 | INFO     | extractors.pdf_extractor | PDF extraction completed successfully: data\CrowdStrike Scheduled Search.pdf
2026-05-20 15:36:23 | INFO     | extractors.factory | Selecting extractor for file type: pdf
2026-05-20 15:36:23 | INFO     | extractors.factory | Extractor selected: PDFExtractor
2026-05-20 15:36:23 | INFO     | extractors.pdf_extractor | Starting PDF extraction: data\cortex-xdr.pdf
2026-05-20 15:36:23 | INFO     | extractors.pdf_extractor | Attempting PyMuPDF text extraction
2026-05-20 15:36:23 | INFO     | extractors.pdf_extractor | PyMuPDF extraction completed
2026-05-20 15:36:23 | INFO     | extractors.pdf_extractor | PDF extraction completed successfully: data\cortex-xdr.pdf
2026-05-20 15:36:23 | INFO     | extractors.factory | Selecting extractor for file type: pdf
2026-05-20 15:36:23 | INFO     | extractors.factory | Extractor selected: PDFExtractor
2026-05-20 15:36:23 | INFO     | extractors.pdf_extractor | Starting PDF extraction: data\test.pdf
2026-05-20 15:36:23 | INFO     | extractors.pdf_extractor | Attempting PyMuPDF text extraction
2026-05-20 15:36:23 | INFO     | extractors.pdf_extractor | PyMuPDF extraction completed
2026-05-20 15:36:23 | INFO     | extractors.pdf_extractor | PDF extraction completed successfully: data\test.pdf
2026-05-20 15:36:23 | INFO     | chunking.factory | Initializing chunking configuration
2026-05-20 15:36:23 | INFO     | chunking.factory | Chunking strategy selected: sentence
2026-05-20 15:36:23 | INFO     | chunking.providers.sentence_splitter | DEBUG logging ENABLED
2026-05-20 15:36:23 | INFO     | chunking.providers.token_splitter | DEBUG logging ENABLED
2026-05-20 15:36:23 | INFO     | chunking.providers.character_splitter | DEBUG logging ENABLED
2026-05-20 15:36:23 | INFO     | chunking.providers.recursive_splitter | DEBUG logging ENABLED
2026-05-20 15:36:23 | INFO     | chunking.providers.semantic_splitter | DEBUG logging ENABLED
2026-05-20 15:36:23 | INFO     | chunking.factory | Creating chunker: SentenceChunker
2026-05-20 15:36:23 | INFO     | chunking.factory | Chunker initialized successfully: SentenceChunker
2026-05-20 15:36:23 | INFO     | chunking.providers.sentence_splitter | Initializing SentenceChunker
2026-05-20 15:36:23 | INFO     | chunking.providers.sentence_splitter | Starting sentence chunking for 2 document(s)
2026-05-20 15:36:30 | INFO     | chunking.providers.sentence_splitter | Sentence chunking completed successfully
2026-05-20 15:36:30 | INFO     | embedding.providers.openai_embedder | DEBUG logging ENABLED
2026-05-20 15:36:30 | INFO     | embedding.providers.azure_openai_embedder | DEBUG logging ENABLED
2026-05-20 15:36:30 | INFO     | embedding.providers.bedrock_embedder | DEBUG logging ENABLED
2026-05-20 15:36:30 | INFO     | embedding.providers.google_vertex_embedder | DEBUG logging ENABLED
2026-05-20 15:36:30 | INFO     | embedding.providers.cohere_embedder | DEBUG logging ENABLED
2026-05-20 15:36:30 | INFO     | embedding.providers.voyage_embedder | DEBUG logging ENABLED
2026-05-20 15:36:30 | INFO     | embedding.providers.jina_embedder | DEBUG logging ENABLED
2026-05-20 15:36:30 | INFO     | embedding.providers.huggingface_embedder | DEBUG logging ENABLED
2026-05-20 15:36:30 | INFO     | embedding.providers.sentence_transformer_embedder | DEBUG logging ENABLED
2026-05-20 15:36:30 | INFO     | embedding.providers.instructor_embedder | DEBUG logging ENABLED
2026-05-20 15:36:30 | INFO     | embedding.providers.fastembed_embedder | DEBUG logging ENABLED
2026-05-20 15:36:30 | INFO     | embedding.providers.ollama_embedder | DEBUG logging ENABLED
2026-05-20 15:36:30 | INFO     | embedding.providers.splade_embedder | DEBUG logging ENABLED
2026-05-20 15:36:30 | INFO     | embedding.providers.bm25_embedder | DEBUG logging ENABLED
2026-05-20 15:36:30 | INFO     | embedding.providers.colbert_embedder | DEBUG logging ENABLED
2026-05-20 15:36:30 | INFO     | embedding.providers.hybrid_embedder | DEBUG logging ENABLED
2026-05-20 15:36:30 | INFO     | embedding.providers.clip_embedder | DEBUG logging ENABLED
2026-05-20 15:36:30 | INFO     | embedding.providers.openai_embedder | Initializing OpenAIEmbedder
2026-05-20 15:36:32 | INFO     | embedding.providers.openai_embedder | OpenAI client initialized successfully
2026-05-20 15:36:32 | INFO     | vector_store.factory | Vector store provider selected: s3_vector
2026-05-20 15:36:32 | INFO     | vector_store.stores.pgvector_store | DEBUG logging ENABLED
2026-05-20 15:36:32 | INFO     | vector_store.stores.pinecone_store | DEBUG logging ENABLED
2026-05-20 15:36:32 | INFO     | vector_store.stores.weaviate_store | DEBUG logging ENABLED
2026-05-20 15:36:32 | INFO     | vector_store.stores.qdrant_store | DEBUG logging ENABLED
2026-05-20 15:36:32 | INFO     | vector_store.stores.milvus_store | DEBUG logging ENABLED
2026-05-20 15:36:32 | INFO     | vector_store.stores.elasticsearch_store | DEBUG logging ENABLED
2026-05-20 15:36:32 | INFO     | vector_store.stores.faiss_store | DEBUG logging ENABLED
2026-05-20 15:36:32 | INFO     | vector_store.stores.chroma_store | DEBUG logging ENABLED
2026-05-20 15:36:32 | INFO     | vector_store.stores.s3_vector_store | DEBUG logging ENABLED
2026-05-20 15:36:32 | INFO     | vector_store.stores.gcs_vector_store | DEBUG logging ENABLED
2026-05-20 15:36:32 | INFO     | vector_store.stores.azure_blob_vector_store | DEBUG logging ENABLED
2026-05-20 15:36:32 | INFO     | vector_store.factory | Creating vector store: S3VectorStore
2026-05-20 15:36:32 | INFO     | vector_store.stores.s3_vector_store | Initializing S3VectorStore
2026-05-20 15:36:32 | INFO     | vector_store.stores.s3_vector_store | Connecting to S3 Vector Store
2026-05-20 15:36:32 | INFO     | vector_store.stores.s3_vector_store | Connected to S3 Vector Store successfully
2026-05-20 15:36:34 | INFO     | app | Ingestion pipeline executed successfully
2026-05-20 15:36:34 | INFO     | app | Tenant onboarding completed successfully: redington-ecommerce-17
2026-05-20 16:59:28 | INFO     | app | DEBUG logging DISABLED
2026-05-20 16:59:29 | INFO     | db.database | DEBUG logging DISABLED
2026-05-20 16:59:29 | INFO     | db.database | Loading database configuration
2026-05-20 16:59:29 | INFO     | db.database | Creating SQLAlchemy engine
2026-05-20 16:59:29 | INFO     | db.crud | DEBUG logging DISABLED
2026-05-20 16:59:29 | INFO     | auth.security | DEBUG logging DISABLED
2026-05-20 16:59:29 | INFO     | source.factory | DEBUG logging DISABLED
2026-05-20 16:59:29 | INFO     | chunking.factory | DEBUG logging DISABLED
2026-05-20 16:59:32 | INFO     | embedding.factory | DEBUG logging DISABLED
2026-05-20 16:59:32 | INFO     | extractors.factory | DEBUG logging DISABLED
2026-05-20 16:59:32 | INFO     | extractors.pdf_extractor | DEBUG logging DISABLED
2026-05-20 16:59:36 | INFO     | extractors.excel_extractor | DEBUG logging DISABLED
2026-05-20 16:59:36 | INFO     | extractors.word_extractor | DEBUG logging DISABLED
2026-05-20 16:59:37 | INFO     | extractors.ppt_extractor | DEBUG logging DISABLED
2026-05-20 16:59:37 | INFO     | extractors.image_extractor | DEBUG logging DISABLED
2026-05-20 16:59:37 | INFO     | vector_store.factory | DEBUG logging DISABLED
2026-05-20 16:59:37 | INFO     | extractors.ocr_config | DEBUG logging DISABLED
2026-05-20 16:59:37 | INFO     | extractors.ocr_config | Configuring Tesseract OCR
2026-05-20 16:59:37 | INFO     | extractors.ocr_config | Tesseract path configured: D:\Tesseract\tesseract.exe
2026-05-20 16:59:37 | INFO     | app | Starting Onboarding API
2026-05-20 16:59:37 | INFO     | app | Initializing database
2026-05-20 16:59:37 | INFO     | db.database | Initializing database tables
2026-05-20 16:59:37 | INFO     | db.database | Database tables initialized successfully
2026-05-20 16:59:37 | INFO     | app | Database initialized successfully
2026-05-20 16:59:37 | INFO     | app | Tenant config directory ready: tenant_configs
2026-05-20 16:59:37 | INFO     | app | DEBUG logging DISABLED
2026-05-20 16:59:38 | INFO     | db.database | DEBUG logging DISABLED
2026-05-20 16:59:38 | INFO     | db.database | Loading database configuration
2026-05-20 16:59:38 | INFO     | db.database | Creating SQLAlchemy engine
2026-05-20 16:59:38 | INFO     | db.crud | DEBUG logging DISABLED
2026-05-20 16:59:38 | INFO     | auth.security | DEBUG logging DISABLED
2026-05-20 16:59:38 | INFO     | source.factory | DEBUG logging DISABLED
2026-05-20 16:59:38 | INFO     | chunking.factory | DEBUG logging DISABLED
2026-05-20 16:59:40 | INFO     | embedding.factory | DEBUG logging DISABLED
2026-05-20 16:59:40 | INFO     | extractors.factory | DEBUG logging DISABLED
2026-05-20 16:59:40 | INFO     | extractors.pdf_extractor | DEBUG logging DISABLED
2026-05-20 16:59:41 | INFO     | extractors.excel_extractor | DEBUG logging DISABLED
2026-05-20 16:59:41 | INFO     | extractors.word_extractor | DEBUG logging DISABLED
2026-05-20 16:59:41 | INFO     | extractors.ppt_extractor | DEBUG logging DISABLED
2026-05-20 16:59:41 | INFO     | extractors.image_extractor | DEBUG logging DISABLED
2026-05-20 16:59:41 | INFO     | vector_store.factory | DEBUG logging DISABLED
2026-05-20 16:59:41 | INFO     | extractors.ocr_config | DEBUG logging DISABLED
2026-05-20 16:59:41 | INFO     | extractors.ocr_config | Configuring Tesseract OCR
2026-05-20 16:59:41 | INFO     | extractors.ocr_config | Tesseract path configured: D:\Tesseract\tesseract.exe
2026-05-20 16:59:41 | INFO     | app | Starting Onboarding API
2026-05-20 16:59:41 | INFO     | app | Initializing database
2026-05-20 16:59:41 | INFO     | db.database | Initializing database tables
2026-05-20 16:59:41 | INFO     | db.database | Database tables initialized successfully
2026-05-20 16:59:41 | INFO     | app | Database initialized successfully
2026-05-20 16:59:41 | INFO     | app | Tenant config directory ready: tenant_configs
2026-05-20 16:59:41 | INFO     | app | RAG ENGINE ONBOARDING API STARTED
2026-05-20 16:59:46 | INFO     | app | Health check endpoint accessed
2026-05-20 16:59:50 | INFO     | app | Tenant creation request received
2026-05-20 16:59:50 | INFO     | app | Validating bearer token
2026-05-20 16:59:50 | INFO     | auth.security | Validating bearer token
2026-05-20 16:59:50 | INFO     | auth.security | Bearer token validated successfully
2026-05-20 16:59:50 | INFO     | app | Bearer token validated successfully
2026-05-20 16:59:50 | INFO     | app | Uploaded file received: config.yaml
2026-05-20 16:59:50 | INFO     | app | Reading uploaded YAML file
2026-05-20 16:59:50 | INFO     | app | YAML parsed successfully
2026-05-20 16:59:50 | INFO     | app | Validating tenant configuration section
2026-05-20 16:59:50 | INFO     | app | Processing tenant: redington-ecommerce-18
2026-05-20 16:59:50 | INFO     | app | Tenant config saved: tenant_configs\redington-ecommerce-18-config.yaml
2026-05-20 16:59:50 | INFO     | app | Generated tenant PKID: redington-ecommerce-18
2026-05-20 16:59:50 | INFO     | app | Checking existing tenant: redington-ecommerce-18
2026-05-20 16:59:50 | INFO     | db.crud | Fetching tenant by PKID: redington-ecommerce-18
2026-05-20 16:59:50 | WARNING  | db.crud | Tenant not found: redington-ecommerce-18
2026-05-20 16:59:50 | INFO     | app | Creating tenant in database: redington-ecommerce-18
2026-05-20 16:59:50 | INFO     | db.crud | Creating tenant: redington-ecommerce-18
2026-05-20 16:59:50 | INFO     | db.crud | Tenant created successfully: redington-ecommerce-18
2026-05-20 16:59:50 | INFO     | db.crud | Saving tenant configuration YAML
2026-05-20 16:59:50 | INFO     | db.crud | Tenant configuration saved successfully
2026-05-20 16:59:50 | INFO     | app | Tenant created successfully: redington-ecommerce-18
2026-05-20 16:59:50 | INFO     | auth.security | Generating strong password
2026-05-20 16:59:50 | INFO     | auth.security | Strong password generated successfully
2026-05-20 16:59:50 | INFO     | app | Generated credentials for tenant: redington-ecommerce-18
2026-05-20 16:59:50 | INFO     | db.crud | Checking if user exists: redington-ecommerce-18
2026-05-20 16:59:50 | INFO     | db.crud | User existence result for redington-ecommerce-18: False
2026-05-20 16:59:50 | INFO     | app | Creating tenant user: redington-ecommerce-18
2026-05-20 16:59:50 | INFO     | db.crud | Creating user for tenant: redington-ecommerce-18
2026-05-20 16:59:50 | INFO     | db.crud | Role ID not provided, fetching default tenant role
2026-05-20 16:59:50 | INFO     | db.crud | Fetching tenant role
2026-05-20 16:59:50 | INFO     | auth.security | Generating password hash
2026-05-20 16:59:51 | INFO     | auth.security | Password hash generated successfully
2026-05-20 16:59:51 | INFO     | db.crud | User created successfully: redington-ecommerce-18
2026-05-20 16:59:51 | INFO     | app | Tenant user created successfully: redington-ecommerce-18
2026-05-20 16:59:51 | INFO     | app | Triggering ingestion pipeline for tenant: redington-ecommerce-18
2026-05-20 16:59:51 | INFO     | app | Pipeline configuration loaded successfully
2026-05-20 16:59:51 | INFO     | source.s3_source | DEBUG logging DISABLED
2026-05-20 16:59:52 | INFO     | source.factory | Creating source provider: S3Source
2026-05-20 16:59:52 | INFO     | source.s3_source | Initializing S3 source
2026-05-20 16:59:52 | INFO     | source.s3_source | S3 client initialized successfully
2026-05-20 16:59:52 | INFO     | source.s3_source | Starting S3 file download process
2026-05-20 16:59:54 | INFO     | source.s3_source | Downloading S3 object: raw-documents/CrowdStrike Scheduled Search.pdf
2026-05-20 16:59:57 | INFO     | source.s3_source | S3 file downloaded successfully: data\CrowdStrike Scheduled Search.pdf
2026-05-20 16:59:57 | INFO     | source.s3_source | Downloading S3 object: raw-documents/cortex-xdr.pdf
2026-05-20 16:59:57 | INFO     | source.s3_source | S3 file downloaded successfully: data\cortex-xdr.pdf
2026-05-20 16:59:57 | INFO     | source.s3_source | Downloading S3 object: raw-documents/test.pdf
2026-05-20 16:59:57 | INFO     | source.s3_source | S3 file downloaded successfully: data\test.pdf
2026-05-20 16:59:57 | INFO     | source.s3_source | Total S3 files downloaded: 3
2026-05-20 16:59:57 | INFO     | extractors.factory | Selecting extractor for file type: pdf
2026-05-20 16:59:57 | INFO     | extractors.factory | Extractor selected: PDFExtractor
2026-05-20 16:59:57 | INFO     | extractors.pdf_extractor | Starting PDF extraction: data\CrowdStrike Scheduled Search.pdf
2026-05-20 16:59:57 | INFO     | extractors.pdf_extractor | Attempting PyMuPDF text extraction
2026-05-20 17:00:00 | INFO     | extractors.pdf_extractor | PyMuPDF extraction completed
2026-05-20 17:00:00 | WARNING  | extractors.pdf_extractor | OCR fallback triggered for PDF: data\CrowdStrike Scheduled Search.pdf
2026-05-20 17:00:00 | ERROR    | extractors.pdf_extractor | OCR extraction failed
Traceback (most recent call last):
  File "D:\OneDrive - REDINGTON\Work\Code\RAG\s1_rag_engine\onboarding_api\venv\Lib\site-packages\pdf2image\pdf2image.py", line 581, in pdfinfo_from_path
    proc = Popen(command, env=env, stdout=PIPE, stderr=PIPE)
  File "C:\Users\kamalesh.saksoft\AppData\Local\Programs\Python\Python313\Lib\subprocess.py", line 1039, in __init__
    self._execute_child(args, executable, preexec_fn, close_fds,
    ~~~~~~~~~~~~~~~~~~~^^^^^^^^^^^^^^^^^^^^^^^^^^^^^^^^^^^^^^^^^
                        pass_fds, cwd, env,
                        ^^^^^^^^^^^^^^^^^^^
    ...<5 lines>...
                        gid, gids, uid, umask,
                        ^^^^^^^^^^^^^^^^^^^^^^
                        start_new_session, process_group)
                        ^^^^^^^^^^^^^^^^^^^^^^^^^^^^^^^^^
  File "C:\Users\kamalesh.saksoft\AppData\Local\Programs\Python\Python313\Lib\subprocess.py", line 1554, in _execute_child
    hp, ht, pid, tid = _winapi.CreateProcess(executable, args,
                       ~~~~~~~~~~~~~~~~~~~~~^^^^^^^^^^^^^^^^^^
                             # no special security
                             ^^^^^^^^^^^^^^^^^^^^^
    ...<4 lines>...
                             cwd,
                             ^^^^
                             startupinfo)
                             ^^^^^^^^^^^^
FileNotFoundError: [WinError 2] The system cannot find the file specified

During handling of the above exception, another exception occurred:

Traceback (most recent call last):
  File "D:\OneDrive - REDINGTON\Work\Code\RAG\s1_rag_engine\onboarding_api\extractors\pdf_extractor.py", line 61, in extract_text
    images = convert_from_path(file_path)
  File "D:\OneDrive - REDINGTON\Work\Code\RAG\s1_rag_engine\onboarding_api\venv\Lib\site-packages\pdf2image\pdf2image.py", line 127, in convert_from_path
    page_count = pdfinfo_from_path(
                 ~~~~~~~~~~~~~~~~~^
        pdf_path, userpw, ownerpw, poppler_path=poppler_path
        ^^^^^^^^^^^^^^^^^^^^^^^^^^^^^^^^^^^^^^^^^^^^^^^^^^^^
    )["Pages"]
    ^
  File "D:\OneDrive - REDINGTON\Work\Code\RAG\s1_rag_engine\onboarding_api\venv\Lib\site-packages\pdf2image\pdf2image.py", line 607, in pdfinfo_from_path
    raise PDFInfoNotInstalledError(
        "Unable to get page count. Is poppler installed and in PATH?"
    )
pdf2image.exceptions.PDFInfoNotInstalledError: Unable to get page count. Is poppler installed and in PATH?
2026-05-20 17:00:00 | INFO     | extractors.pdf_extractor | PDF extraction completed successfully: data\CrowdStrike Scheduled Search.pdf
2026-05-20 17:00:00 | INFO     | extractors.factory | Selecting extractor for file type: pdf
2026-05-20 17:00:00 | INFO     | extractors.factory | Extractor selected: PDFExtractor
2026-05-20 17:00:00 | INFO     | extractors.pdf_extractor | Starting PDF extraction: data\cortex-xdr.pdf
2026-05-20 17:00:00 | INFO     | extractors.pdf_extractor | Attempting PyMuPDF text extraction
2026-05-20 17:00:00 | INFO     | extractors.pdf_extractor | PyMuPDF extraction completed
2026-05-20 17:00:00 | INFO     | extractors.pdf_extractor | PDF extraction completed successfully: data\cortex-xdr.pdf
2026-05-20 17:00:00 | INFO     | extractors.factory | Selecting extractor for file type: pdf
2026-05-20 17:00:00 | INFO     | extractors.factory | Extractor selected: PDFExtractor
2026-05-20 17:00:00 | INFO     | extractors.pdf_extractor | Starting PDF extraction: data\test.pdf
2026-05-20 17:00:00 | INFO     | extractors.pdf_extractor | Attempting PyMuPDF text extraction
2026-05-20 17:00:00 | INFO     | extractors.pdf_extractor | PyMuPDF extraction completed
2026-05-20 17:00:00 | INFO     | extractors.pdf_extractor | PDF extraction completed successfully: data\test.pdf
2026-05-20 17:00:00 | INFO     | chunking.factory | Initializing chunking configuration
2026-05-20 17:00:00 | INFO     | chunking.factory | Chunking strategy selected: sentence
2026-05-20 17:00:00 | INFO     | chunking.providers.sentence_splitter | DEBUG logging DISABLED
2026-05-20 17:00:00 | INFO     | chunking.providers.token_splitter | DEBUG logging DISABLED
2026-05-20 17:00:00 | INFO     | chunking.providers.character_splitter | DEBUG logging DISABLED
2026-05-20 17:00:00 | INFO     | chunking.providers.recursive_splitter | DEBUG logging DISABLED
2026-05-20 17:00:00 | INFO     | chunking.providers.semantic_splitter | DEBUG logging DISABLED
2026-05-20 17:00:00 | INFO     | chunking.factory | Creating chunker: SentenceChunker
2026-05-20 17:00:00 | INFO     | chunking.factory | Chunker initialized successfully: SentenceChunker
2026-05-20 17:00:00 | INFO     | chunking.providers.sentence_splitter | Initializing SentenceChunker
2026-05-20 17:00:00 | INFO     | chunking.providers.sentence_splitter | Starting sentence chunking for 2 document(s)
2026-05-20 17:00:07 | INFO     | chunking.providers.sentence_splitter | Sentence chunking completed successfully
2026-05-20 17:00:07 | INFO     | embedding.providers.openai_embedder | DEBUG logging DISABLED
2026-05-20 17:00:07 | INFO     | embedding.providers.azure_openai_embedder | DEBUG logging DISABLED
2026-05-20 17:00:07 | INFO     | embedding.providers.bedrock_embedder | DEBUG logging DISABLED
2026-05-20 17:00:07 | INFO     | embedding.providers.google_vertex_embedder | DEBUG logging DISABLED
2026-05-20 17:00:07 | INFO     | embedding.providers.cohere_embedder | DEBUG logging DISABLED
2026-05-20 17:00:07 | INFO     | embedding.providers.voyage_embedder | DEBUG logging DISABLED
2026-05-20 17:00:07 | INFO     | embedding.providers.jina_embedder | DEBUG logging DISABLED
2026-05-20 17:00:07 | INFO     | embedding.providers.huggingface_embedder | DEBUG logging DISABLED
2026-05-20 17:00:07 | INFO     | embedding.providers.sentence_transformer_embedder | DEBUG logging DISABLED
2026-05-20 17:00:07 | INFO     | embedding.providers.instructor_embedder | DEBUG logging DISABLED
2026-05-20 17:00:07 | INFO     | embedding.providers.fastembed_embedder | DEBUG logging DISABLED
2026-05-20 17:00:07 | INFO     | embedding.providers.ollama_embedder | DEBUG logging DISABLED
2026-05-20 17:00:07 | INFO     | embedding.providers.splade_embedder | DEBUG logging DISABLED
2026-05-20 17:00:07 | INFO     | embedding.providers.bm25_embedder | DEBUG logging DISABLED
2026-05-20 17:00:07 | INFO     | embedding.providers.colbert_embedder | DEBUG logging DISABLED
2026-05-20 17:00:07 | INFO     | embedding.providers.hybrid_embedder | DEBUG logging DISABLED
2026-05-20 17:00:07 | INFO     | embedding.providers.clip_embedder | DEBUG logging DISABLED
2026-05-20 17:00:07 | INFO     | embedding.providers.openai_embedder | Initializing OpenAIEmbedder
2026-05-20 17:00:09 | INFO     | embedding.providers.openai_embedder | OpenAI client initialized successfully
2026-05-20 17:00:09 | INFO     | vector_store.factory | Vector store provider selected: s3_vector
2026-05-20 17:00:09 | INFO     | vector_store.stores.pgvector_store | DEBUG logging DISABLED
2026-05-20 17:00:09 | INFO     | vector_store.stores.pinecone_store | DEBUG logging DISABLED
2026-05-20 17:00:09 | INFO     | vector_store.stores.weaviate_store | DEBUG logging DISABLED
2026-05-20 17:00:09 | INFO     | vector_store.stores.qdrant_store | DEBUG logging DISABLED
2026-05-20 17:00:09 | INFO     | vector_store.stores.milvus_store | DEBUG logging DISABLED
2026-05-20 17:00:09 | INFO     | vector_store.stores.elasticsearch_store | DEBUG logging DISABLED
2026-05-20 17:00:09 | INFO     | vector_store.stores.faiss_store | DEBUG logging DISABLED
2026-05-20 17:00:09 | INFO     | vector_store.stores.chroma_store | DEBUG logging DISABLED
2026-05-20 17:00:09 | INFO     | vector_store.stores.s3_vector_store | DEBUG logging DISABLED
2026-05-20 17:00:09 | INFO     | vector_store.stores.gcs_vector_store | DEBUG logging DISABLED
2026-05-20 17:00:09 | INFO     | vector_store.stores.azure_blob_vector_store | DEBUG logging DISABLED
2026-05-20 17:00:09 | INFO     | vector_store.factory | Creating vector store: S3VectorStore
2026-05-20 17:00:09 | INFO     | vector_store.stores.s3_vector_store | Initializing S3VectorStore
2026-05-20 17:00:09 | INFO     | vector_store.stores.s3_vector_store | Connecting to S3 Vector Store
2026-05-20 17:00:09 | INFO     | vector_store.stores.s3_vector_store | Connected to S3 Vector Store successfully
2026-05-20 17:00:12 | INFO     | app | Ingestion pipeline executed successfully
2026-05-20 17:00:12 | INFO     | app | Tenant onboarding completed successfully: redington-ecommerce-18
